objects	offset	subject	thresh	slopeThisCrit	error	criterion	criterionNote	mean	slope	chance	lapseRate	sigma	method	linkFx	nWarns	nErrs	firstWarn	iv
4	[-10, 0]	01	0.4877333333333333	-1.42818293890598	FALSE	0.75	nothingSpecial	5.069464428008212	-8.857986447311847	0.25	0.01	1.3169017808283563	glm.fit	logit	0	0	NA	speed
4	[-10, 0]	02	1.1496	-1.6529636322412602	FALSE	0.75	nothingSpecial	12.455476008718874	-10.196627803880416	0.25	0.01	1.0725757514828462	glm.fit	logit	0	0	NA	speed
4	[-10, 0]	03	1.2664000000000002	-0.30124502531214103	FALSE	0.75	nothingSpecial	3.0981325752181204	-1.86185168358799	0.25	0.01	1.0889400432954899	glm.fit	logit	0	0	NA	speed
4	[-10, 0]	04	1.354	-1.2520227124352283	FALSE	0.75	nothingSpecial	11.240709721491097	-7.751978652462146	0.25	0.01	0.9715224961860855	glm.fit	logit	0	0	NA	speed
4	[-10, 0]	05	1.0035999999999998	-0.5795866069329791	FALSE	0.75	nothingSpecial	4.339000516094249	-3.5842715599807704	0.25	0.01	1.197904367896459	glm.fit	logit	0	0	NA	speed
4	[-10, 0]	06	0.8478666666666667	-1.691282403026688	FALSE	0.75	nothingSpecial	9.451680430448151	-10.320015286432161	0.25	0.01	1.1154594690141706	glm.fit	logit	0	0	NA	speed
4	[-10, 0]	07	NA	NA	TRUE	0.75	nothingSpecial	28.989997132760426	-17.402435414004675	0.25	0.01	0.9008237654648872	glm.fit	logit	0	0	NA	speed
4	[-10, 0]	08	1.0522666666666667	-0.532753872041965	FALSE	0.75	nothingSpecial	4.170950936216062	-3.2749820038866604	0.25	0.01	1.0015554094219	glm.fit	logit	0	0	NA	speed
4	[-10, 0]	09	1.1690666666666667	-2.3851733709024376	FALSE	0.75	nothingSpecial	17.59188169452979	-14.464852197007563	0.25	0.01	1.0363510976324	glm.fit	logit	0	0	NA	speed
4	[-10, 0]	10	1.1204	-1.1354017975252733	FALSE	0.75	nothingSpecial	8.46602828424983	-6.928872494530187	0.25	0.01	0.9293197052307606	glm.fit	logit	0	0	NA	speed
4	[-10, 0]	11	0.9452	-1.050292472756079	FALSE	0.75	nothingSpecial	6.878649638102783	-6.493728534902832	0.25	0.01	1.0924395696734108	glm.fit	logit	0	0	NA	speed
4	[-10, 0]	12	0.8965333333333333	-0.3912901614174573	FALSE	0.75	nothingSpecial	2.917230138204193	-2.4226614490278613	0.25	0.01	0.9517190983187342	glm.fit	logit	0	0	NA	speed
4	[-10, 0]	13	1.1885333333333334	-1.7307997299795899	FALSE	0.75	nothingSpecial	13.51408118817416	-10.73950042887613	0.25	0.01	0.9149856916499498	glm.fit	logit	0	0	NA	speed
4	[-10, 0]	14	0.9549333333333334	-3.636145230713237	FALSE	0.75	nothingSpecial	22.355360170047557	-22.62290520311083	0.25	0.01	0.8218948732820188	glm.fit	logit	1	0	glm.fit: algorithm did not converge	speed
4	[-10, 0]	15	1.3442666666666667	-0.8623234712286514	FALSE	0.75	nothingSpecial	7.870357068134036	-5.311513308216146	0.25	0.01	1.1009314552013107	glm.fit	logit	0	0	NA	speed
4	[-10, 0]	16	0.8186666666666667	-0.5359952849414739	FALSE	0.75	nothingSpecial	3.4206168023393313	-3.293957523368185	0.25	0.01	1.1014174411435182	glm.fit	logit	0	0	NA	speed
4	[-10, 0]	17	NA	NA	TRUE	0.75	nothingSpecial	11.397057519337618	-6.767066879873122	0.25	0.01	0.8211269026866425	glm.fit	logit	0	0	NA	speed
4	[-10, 0]	18	0.8576	-0.723777615229141	FALSE	0.75	nothingSpecial	4.610536068761435	-4.49637330924073	0.25	0.01	0.8871466130704627	glm.fit	logit	0	0	NA	speed
4	[-10, 0]	19	1.354	-1.9696934642670032	FALSE	0.75	nothingSpecial	17.580001133627565	-12.400953492347615	0.25	0.01	1.0325890866442091	glm.fit	logit	0	0	NA	speed
4	[-10, 0]	20	0.8576	-0.6938438796493005	FALSE	0.75	nothingSpecial	4.432929810986955	-4.298359187409021	0.25	0.01	0.9598695023648017	glm.fit	logit	0	0	NA	speed
4	[-10, 0]	21	1.2566666666666666	-0.513263377986305	FALSE	0.75	nothingSpecial	4.686387337715575	-3.15359486587738	0.25	0.01	1.1700919019426888	glm.fit	logit	0	0	NA	speed
4	[-10, 0]	22	1.0328	-0.33157729277956177	FALSE	0.75	nothingSpecial	2.8500892447155897	-2.046537267171975	0.25	0.01	1.1215269220991098	glm.fit	logit	0	0	NA	speed
4	[-10, 0]	23	1.1788	-0.5981689982507211	FALSE	0.75	nothingSpecial	5.121750659184618	-3.7091730808158307	0.25	0.01	1.1298023095941656	glm.fit	logit	0	0	NA	speed
4	[-10, 0]	24	0.7408	-0.49777764286620185	FALSE	0.75	nothingSpecial	3.016299958592765	-3.0747244817830763	0.25	0.01	1.1911668194776681	glm.fit	logit	0	0	NA	speed
4	[-10, 0]	25	1.1398666666666666	-0.55456650226182	FALSE	0.75	nothingSpecial	4.6559173599382975	-3.4320192513018735	0.25	0.01	0.9525196354155496	glm.fit	logit	0	0	NA	speed
4	[-10, 0]	26	0.33199999999999996	-2.9682298799862243	FALSE	0.75	nothingSpecial	6.683920948280933	-18.05675805277245	0.25	0.01	1.0008284866734811	glm.fit	logit	0	0	NA	speed
4	[-10, 0]	27	1.3832	-2.0996144968438664	FALSE	0.75	nothingSpecial	18.84259837026119	-13.073838370902157	0.25	0.01	1.1475244663295612	glm.fit	logit	0	0	NA	speed
4	[-10, 0]	28	1.1204	-2.1811159481128035	FALSE	0.75	nothingSpecial	15.596191798755502	-13.297235347858686	0.25	0.01	0.6561245198288231	glm.fit	logit	0	0	NA	speed
4	[-10, 0]	29	1.2177333333333333	-2.8780152524545657	FALSE	0.75	nothingSpecial	23.165007852729335	-18.349549327475604	0.25	0.01	1.1262753732702817	glm.fit	logit	0	0	NA	speed
4	[-10, 0]	30	1.2177333333333333	-0.9814870680434978	FALSE	0.75	nothingSpecial	8.030011409764814	-6.009014853622708	0.25	0.01	0.9012571242196188	glm.fit	logit	0	0	NA	speed
4	[-10, 0]	31	1.1982666666666668	-2.13322107884379	FALSE	0.75	nothingSpecial	16.763120042872124	-13.345495544901969	0.25	0.01	0.9237794841816246	glm.fit	logit	0	0	NA	speed
4	[-10, 0]	32	1.4708	-3.3570543660224743	FALSE	0.75	nothingSpecial	31.235554225379513	-20.738784068240204	0.25	0.01	0.9585891752764948	glm.fit	logit	0	0	NA	speed
4	[-10, 0]	33	1.0619999999999998	-0.6670886599184627	FALSE	0.75	nothingSpecial	5.079701599386646	-4.100757914128612	0.25	0.01	0.9649935357876407	glm.fit	logit	0	0	NA	speed
4	[-10, 0]	34	1.208	-1.0596018274756167	FALSE	0.75	nothingSpecial	8.577405478920838	-6.504318035201679	0.25	0.01	0.9401071655601931	glm.fit	logit	0	0	NA	speed
4	[-10, 0]	35	0.7408	-0.5067595673729784	FALSE	0.75	nothingSpecial	3.0400467225669066	-3.1197030524780875	0.25	0.01	1.0791769504053257	glm.fit	logit	0	0	NA	speed
4	[-10, 0]	36	0.9257333333333333	-1.2039762296924263	FALSE	0.75	nothingSpecial	7.566623072084191	-7.394298034888643	0.25	0.01	0.7705657634331141	glm.fit	logit	0	0	NA	speed
4	[-10, 0]	37	1.2858666666666667	-2.54640032129242	FALSE	0.75	nothingSpecial	21.089637343424183	-15.817083300251104	0.25	0.01	0.49533542249864176	glm.fit	logit	1	0	glm.fit: algorithm did not converge	speed
4	[-10, 0]	38	0.5558666666666666	-0.805449566850185	FALSE	0.75	nothingSpecial	3.4628854384463374	-4.939061889672185	0.25	0.01	1.0971631203168557	glm.fit	logit	0	0	NA	speed
4	[-10, 0]	39	0.6142666666666667	-0.8774775133542961	FALSE	0.75	nothingSpecial	4.018220553577245	-5.376978826689263	0.25	0.01	1.274413278245589	glm.fit	logit	0	0	NA	speed
4	[-10, 0]	40	0.6824	-1.0048183135727073	FALSE	0.75	nothingSpecial	4.935289761136622	-6.173220486508365	0.25	0.01	1.0414630351518122	glm.fit	logit	0	0	NA	speed
4	[-10, 0]	41	0.5266666666666667	-3.885773546970078	FALSE	0.75	nothingSpecial	13.360252256391536	-23.984546208719316	0.25	0.01	1.1160554924892936	glm.fit	logit	0	0	NA	speed
4	[-10, 0]	42	1.0522666666666667	-1.7091758934367471	FALSE	0.75	nothingSpecial	12.047462804879943	-10.71062610900506	0.25	0.01	0.8410427028033827	glm.fit	logit	0	0	NA	speed
4	[-10, 0]	43	0.8770666666666668	-0.6270989137763415	FALSE	0.75	nothingSpecial	4.10938235833869	-3.857164893206412	0.25	0.01	1.2474455257422843	glm.fit	logit	0	0	NA	speed
4	[-10, 0]	44	0.7602666666666666	-2.0110352860742666	FALSE	0.75	nothingSpecial	10.373140141352884	-12.618251840137944	0.25	0.01	0.7626871552465555	glm.fit	logit	0	0	NA	speed
4	[-10, 0]	45	1.1496	-0.5908491277751008	FALSE	0.75	nothingSpecial	4.926443257676306	-3.64564956457865	0.25	0.01	0.8404579933663263	glm.fit	logit	0	0	NA	speed
4	[-10, 0]	46	0.7505333333333334	-0.14701537836488987	FALSE	0.75	nothingSpecial	1.4171967042881575	-0.907318130928533	0.25	0.01	1.183688874148173	glm.fit	logit	0	0	NA	speed
4	[-10, 0]	47	1.0717333333333332	-0.8975041185113946	FALSE	0.75	nothingSpecial	6.666971183338375	-5.5357505392781405	0.25	0.01	1.1694900976182654	glm.fit	logit	0	0	NA	speed
4	[-10, 0]	48	0.7310666666666666	-2.473454301519579	FALSE	0.75	nothingSpecial	11.83814227350143	-15.205753863905251	0.25	0.01	0.9747960208415796	glm.fit	logit	0	0	NA	speed
4	[-10, 0]	49	0.9549333333333334	-0.45144926803526136	FALSE	0.75	nothingSpecial	3.4003408892272886	-2.787993107197778	0.25	0.01	1.1604354241331247	glm.fit	logit	0	0	NA	speed
4	[-10, 0]	50	0.9841333333333334	-1.8418914784850797	FALSE	0.75	nothingSpecial	11.752813619381362	-11.23160671660168	0.25	0.01	0.7410706503888926	glm.fit	logit	0	0	NA	speed
4	[-10, 0]	51	1.208	-1.013844928955889	FALSE	0.75	nothingSpecial	8.36293130510775	-6.298562980852408	0.25	0.01	0.9837398529712167	glm.fit	logit	0	0	NA	speed
4	[-10, 0]	52	0.43906666666666666	-0.4549015416833141	FALSE	0.75	nothingSpecial	1.97214238009369	-2.8097796483758404	0.25	0.01	1.1582425747067602	glm.fit	logit	0	0	NA	speed
4	[-10, 0]	53	1.0133333333333334	-0.55938788642988	FALSE	0.75	nothingSpecial	4.221572867276899	-3.4453323286679396	0.25	0.01	1.0523008098001063	glm.fit	logit	0	0	NA	speed
4	[-10, 0]	54	0.9062666666666667	-0.9729162608094347	FALSE	0.75	nothingSpecial	6.111153108247265	-5.956752518595232	0.25	0.01	0.8093693317603721	glm.fit	logit	0	0	NA	speed
4	[10, 0]	01	0.478	-1.0924973357374197	FALSE	0.75	nothingSpecial	3.9235857130568945	-6.703884354410689	0.25	0.01	1.159572319961712	glm.fit	logit	0	0	NA	speed
4	[10, 0]	02	1.1885333333333334	-2.767769690443869	FALSE	0.75	nothingSpecial	20.533687629457415	-16.714972239048777	0.25	0.01	0.8278211654301736	glm.fit	logit	0	0	NA	speed
4	[10, 0]	03	1.2274666666666667	-0.7459376632714565	FALSE	0.75	nothingSpecial	6.396997841643214	-4.609193186096279	0.25	0.01	0.8865853082182196	glm.fit	logit	0	0	NA	speed
4	[10, 0]	04	1.3734666666666666	-1.1504291407236444	FALSE	0.75	nothingSpecial	10.487271308352675	-7.100068366451608	0.25	0.01	0.8414542642346137	glm.fit	logit	0	0	NA	speed
4	[10, 0]	05	1.0619999999999998	-2.242395706644882	FALSE	0.75	nothingSpecial	15.634560897735797	-14.000559286007176	0.25	0.01	1.2093989895958146	glm.fit	logit	0	0	NA	speed
4	[10, 0]	06	NA	NA	TRUE	0.75	nothingSpecial	2.6903328398074264	-0.16489822582605704	0.25	0.01	0.8068498622966888	glm.fit	logit	0	0	NA	speed
4	[10, 0]	07	NA	NA	TRUE	0.75	nothingSpecial	29.468112876624517	-17.431704135770264	0.25	0.01	0.9146143748112204	glm.fit	logit	0	0	NA	speed
4	[10, 0]	08	0.8576	-0.7392996077143797	FALSE	0.75	nothingSpecial	4.677871453612649	-4.58232461638634	0.25	0.01	1.0404261846096488	glm.fit	logit	0	0	NA	speed
4	[10, 0]	09	1.2956	-0.761784786981036	FALSE	0.75	nothingSpecial	6.894194794145094	-4.736935575143719	0.25	0.01	0.936578325688644	glm.fit	logit	0	0	NA	speed
4	[10, 0]	10	1.3150666666666666	-0.5284839190201741	FALSE	0.75	nothingSpecial	4.983317817615948	-3.2424840979137306	0.25	0.01	1.0511994390819248	glm.fit	logit	0	0	NA	speed
4	[10, 0]	11	0.7408	-0.554635658015073	FALSE	0.75	nothingSpecial	3.2373629134346653	-3.401210258594731	0.25	0.01	1.1499676511645545	glm.fit	logit	0	0	NA	speed
4	[10, 0]	12	0.6142666666666667	-0.27049394879972444	FALSE	0.75	nothingSpecial	1.7643151163592592	-1.6705343253862244	0.25	0.01	1.3603089397439998	glm.fit	logit	0	0	NA	speed
4	[10, 0]	13	1.0522666666666667	-1.146594917278201	FALSE	0.75	nothingSpecial	8.221740065263557	-7.103918841383932	0.25	0.01	0.9657938705368496	glm.fit	logit	0	0	NA	speed
4	[10, 0]	14	0.7116	-1.2320053338316725	FALSE	0.75	nothingSpecial	6.057687780734968	-7.522749269896184	0.25	0.01	1.1898540119578291	glm.fit	logit	0	0	NA	speed
4	[10, 0]	15	1.2177333333333333	-0.9100667330038219	FALSE	0.75	nothingSpecial	7.553639396133643	-5.604030468157433	0.25	0.01	0.7616708142019173	glm.fit	logit	0	0	NA	speed
4	[10, 0]	16	0.5753333333333334	-0.6536542614958174	FALSE	0.75	nothingSpecial	3.021839582612624	-4.0068718341888205	0.25	0.01	1.2328974448443488	glm.fit	logit	0	0	NA	speed
4	[10, 0]	17	NA	NA	TRUE	0.75	nothingSpecial	4.162098880985692	-2.0975353512091663	0.25	0.01	1.081275672950245	glm.fit	logit	0	0	NA	speed
4	[10, 0]	18	1.1788	-0.8230594973640257	FALSE	0.75	nothingSpecial	6.7069652063827006	-5.06997578633084	0.25	0.01	0.991662383202809	glm.fit	logit	0	0	NA	speed
4	[10, 0]	19	1.2761333333333333	-0.7025300833704766	FALSE	0.75	nothingSpecial	6.314863266008934	-4.359608050369562	0.25	0.01	1.0108337782086447	glm.fit	logit	0	0	NA	speed
4	[10, 0]	20	0.6824	-1.9232378631375626	FALSE	0.75	nothingSpecial	8.695278331581616	-11.72027600636302	0.25	0.01	1.1814343775582161	glm.fit	logit	0	0	NA	speed
4	[10, 0]	21	0.9354666666666667	-1.8308603214491075	FALSE	0.75	nothingSpecial	11.112563927280474	-11.13880248837776	0.25	0.01	1.1203834392484526	glm.fit	logit	0	0	NA	speed
4	[10, 0]	22	0.8868	-1.3916824352960622	FALSE	0.75	nothingSpecial	8.464965681009499	-8.682388348354742	0.25	0.01	1.081004157368443	glm.fit	logit	0	0	NA	speed
4	[10, 0]	23	1.2177333333333333	-0.9181228649175263	FALSE	0.75	nothingSpecial	7.721205484945535	-5.716239999544247	0.25	0.01	1.00266545086836	glm.fit	logit	0	0	NA	speed
4	[10, 0]	24	0.4877333333333333	-0.5403491811438259	FALSE	0.75	nothingSpecial	2.3518146970488236	-3.326801622766617	0.25	0.01	1.2851963034392984	glm.fit	logit	0	0	NA	speed
4	[10, 0]	25	1.2177333333333333	-1.1188428248152504	FALSE	0.75	nothingSpecial	9.023634154107821	-6.831592826634274	0.25	0.01	0.9627428493797467	glm.fit	logit	0	0	NA	speed
4	[10, 0]	26	0.8381333333333334	-0.4174800965852076	FALSE	0.75	nothingSpecial	2.876529675099478	-2.566729737246464	0.25	0.01	0.8533486701327064	glm.fit	logit	0	0	NA	speed
4	[10, 0]	27	1.2177333333333333	-1.4577645880226981	FALSE	0.75	nothingSpecial	11.715080619808408	-9.012626936320599	0.25	0.01	0.711567441696182	glm.fit	logit	0	0	NA	speed
4	[10, 0]	28	1.1204	-0.38639237428870554	FALSE	0.75	nothingSpecial	3.4082724059157474	-2.3848055779139545	0.25	0.01	1.141944180855905	glm.fit	logit	0	0	NA	speed
4	[10, 0]	29	1.2566666666666666	-2.2942275547698476	FALSE	0.75	nothingSpecial	18.633900692888133	-14.232741821639411	0.25	0.01	0.8262995834545593	glm.fit	logit	0	0	NA	speed
4	[10, 0]	30	1.3248	-0.2636804522452016	FALSE	0.75	nothingSpecial	2.881825858252229	-1.6239940359575822	0.25	0.01	1.2747696806140354	glm.fit	logit	0	0	NA	speed
4	[10, 0]	31	0.9938666666666666	-1.040385251016302	FALSE	0.75	nothingSpecial	7.152848622677971	-6.445780584767584	0.25	0.01	1.087476804828431	glm.fit	logit	0	0	NA	speed
4	[10, 0]	32	1.4026666666666667	-2.65089903536331	FALSE	0.75	nothingSpecial	23.558962940049785	-16.28334872897842	0.25	0.01	0.9552729312090114	glm.fit	logit	0	0	NA	speed
4	[10, 0]	33	0.7505333333333334	-0.662060146672787	FALSE	0.75	nothingSpecial	3.8262631894452284	-4.102367294000789	0.25	0.01	1.0583584112603095	glm.fit	logit	0	0	NA	speed
4	[10, 0]	34	1.0328	-0.43974449936482135	FALSE	0.75	nothingSpecial	3.5364214037083777	-2.7126477905975483	0.25	0.01	0.9861814377055658	glm.fit	logit	0	0	NA	speed
4	[10, 0]	35	0.9549333333333334	-0.5929759015377357	FALSE	0.75	nothingSpecial	4.221614453088	-3.6543468111484825	0.25	0.01	1.1974504694026487	glm.fit	logit	0	0	NA	speed
4	[10, 0]	36	0.7992	-0.7370711034878894	FALSE	0.75	nothingSpecial	4.34075414694447	-4.527454777318549	0.25	0.01	1.1106749233885431	glm.fit	logit	0	0	NA	speed
4	[10, 0]	37	0.9062666666666667	-0.5616909427433121	FALSE	0.75	nothingSpecial	3.851307773230344	-3.451321710684728	0.25	0.01	0.9930129781410535	glm.fit	logit	0	0	NA	speed
4	[10, 0]	38	0.4488	-1.3550807542196983	FALSE	0.75	nothingSpecial	4.541738452168705	-8.430929560663644	0.25	0.01	0.9092269982549331	glm.fit	logit	0	0	NA	speed
4	[10, 0]	39	0.6142666666666667	-0.8684503560317445	FALSE	0.75	nothingSpecial	4.004161909002042	-5.338858962512567	0.25	0.01	1.2493138120518485	glm.fit	logit	0	0	NA	speed
4	[10, 0]	40	0.6045333333333334	-0.4286796640781404	FALSE	0.75	nothingSpecial	2.3449757359103467	-2.6512931395292823	0.25	0.01	1.0457559543240937	glm.fit	logit	0	0	NA	speed
4	[10, 0]	41	0.45853333333333335	-1.321274773106309	FALSE	0.75	nothingSpecial	4.564981116531017	-8.268114607450228	0.25	0.01	1.0044995254346571	glm.fit	logit	0	0	NA	speed
4	[10, 0]	42	1.2469333333333332	-0.3114728697047011	FALSE	0.75	nothingSpecial	3.1262134213088104	-1.9197422941904747	0.25	0.01	1.0560720282460703	glm.fit	logit	0	0	NA	speed
4	[10, 0]	43	0.8868	-1.9032463449458585	FALSE	0.75	nothingSpecial	11.364569497563354	-11.936856664769719	0.25	0.01	0.8555066088710906	glm.fit	logit	0	0	NA	speed
4	[10, 0]	44	1.0425333333333333	-1.1507248653115199	FALSE	0.75	nothingSpecial	8.250102468308091	-7.179044848623987	0.25	0.01	0.913638611902397	glm.fit	logit	0	0	NA	speed
4	[10, 0]	45	1.1009333333333333	-1.543479787237032	FALSE	0.75	nothingSpecial	11.356946794650998	-9.622493498078574	0.25	0.01	1.0110481758427383	glm.fit	logit	0	0	NA	speed
4	[10, 0]	46	0.5266666666666667	-0.39239808213223254	FALSE	0.75	nothingSpecial	2.025507692027918	-2.4299534239798493	0.25	0.01	1.2253497045855215	glm.fit	logit	0	0	NA	speed
4	[10, 0]	47	0.7602666666666666	-0.7227381936049699	FALSE	0.75	nothingSpecial	4.119569906490173	-4.455071313310397	0.25	0.01	1.587631815038574	glm.fit	logit	0	0	NA	speed
4	[10, 0]	48	1.0230666666666668	-0.5282628650948616	FALSE	0.75	nothingSpecial	4.096682669976116	-3.2735684049447977	0.25	0.01	0.8953683392225557	glm.fit	logit	0	0	NA	speed
4	[10, 0]	49	0.8673333333333333	-1.1302903477982302	FALSE	0.75	nothingSpecial	6.716114523681573	-6.921339885541589	0.25	0.01	1.1317824420232647	glm.fit	logit	0	0	NA	speed
4	[10, 0]	50	0.916	-1.7729452480882573	FALSE	0.75	nothingSpecial	10.885223884933488	-11.051156156019138	0.25	0.01	0.9489589711821704	glm.fit	logit	0	0	NA	speed
4	[10, 0]	51	1.3345333333333333	-0.47734194122812196	FALSE	0.75	nothingSpecial	4.695418213819898	-2.9581120976336392	0.25	0.01	1.0333905556749494	glm.fit	logit	0	0	NA	speed
4	[10, 0]	52	0.4098666666666666	-0.6256632159626041	FALSE	0.75	nothingSpecial	2.2979587051283703	-3.843382988015523	0.25	0.01	1.138109463010818	glm.fit	logit	0	0	NA	speed
4	[10, 0]	53	0.9646666666666667	-0.4759514333086778	FALSE	0.75	nothingSpecial	3.585176487021584	-2.9454130324110026	0.25	0.01	0.9541042755404189	glm.fit	logit	0	0	NA	speed
4	[10, 0]	54	0.9062666666666667	-0.4267526851870692	FALSE	0.75	nothingSpecial	3.107321816242792	-2.6258634318755996	0.25	0.01	1.257885032237534	glm.fit	logit	0	0	NA	speed
4	[-10, 0]	01	0.5656000000000001	-1.6362726558860325	FALSE	0.625	midpoint	5.069464428008212	-8.857986447311847	0.25	0.01	1.3169017808283563	glm.fit	logit	0	0	NA	speed
4	[-10, 0]	02	1.2177333333333333	-1.884125365270219	FALSE	0.625	midpoint	12.455476008718874	-10.196627803880416	0.25	0.01	1.0725757514828462	glm.fit	logit	0	0	NA	speed
4	[-10, 0]	03	NA	NA	TRUE	0.625	midpoint	3.0981325752181204	-1.86185168358799	0.25	0.01	1.0889400432954899	glm.fit	logit	0	0	NA	speed
4	[-10, 0]	04	1.4513333333333334	-1.4334003073841333	FALSE	0.625	midpoint	11.240709721491097	-7.751978652462146	0.25	0.01	0.9715224961860855	glm.fit	logit	0	0	NA	speed
4	[-10, 0]	05	1.1982666666666668	-0.6627010163356538	FALSE	0.625	midpoint	4.339000516094249	-3.5842715599807704	0.25	0.01	1.197904367896459	glm.fit	logit	0	0	NA	speed
4	[-10, 0]	06	0.916	-1.907598146537204	FALSE	0.625	midpoint	9.451680430448151	-10.320015286432161	0.25	0.01	1.1154594690141706	glm.fit	logit	0	0	NA	speed
4	[-10, 0]	07	NA	NA	TRUE	0.625	midpoint	28.989997132760426	-17.402435414004675	0.25	0.01	0.9008237654648872	glm.fit	logit	0	0	NA	speed
4	[-10, 0]	08	1.2664000000000002	-0.6057366633719317	FALSE	0.625	midpoint	4.170950936216062	-3.2749820038866604	0.25	0.01	1.0015554094219	glm.fit	logit	0	0	NA	speed
4	[-10, 0]	09	1.2177333333333333	-2.6712511005600654	FALSE	0.625	midpoint	17.59188169452979	-14.464852197007563	0.25	0.01	1.0363510976324	glm.fit	logit	0	0	NA	speed
4	[-10, 0]	10	1.2177333333333333	-1.2810957494019057	FALSE	0.625	midpoint	8.46602828424983	-6.928872494530187	0.25	0.01	0.9293197052307606	glm.fit	logit	0	0	NA	speed
4	[-10, 0]	11	1.0522666666666667	-1.200318845831712	FALSE	0.625	midpoint	6.878649638102783	-6.493728534902832	0.25	0.01	1.0924395696734108	glm.fit	logit	0	0	NA	speed
4	[-10, 0]	12	1.1885333333333334	-0.4480114327421456	FALSE	0.625	midpoint	2.917230138204193	-2.4226614490278613	0.25	0.01	0.9517190983187342	glm.fit	logit	0	0	NA	speed
4	[-10, 0]	13	1.2566666666666666	-1.9848381546869263	FALSE	0.625	midpoint	13.51408118817416	-10.73950042887613	0.25	0.01	0.9149856916499498	glm.fit	logit	0	0	NA	speed
4	[-10, 0]	14	0.9841333333333334	-4.159818259951206	FALSE	0.625	midpoint	22.355360170047557	-22.62290520311083	0.25	0.01	0.8218948732820188	glm.fit	logit	1	0	glm.fit: algorithm did not converge	speed
4	[-10, 0]	15	1.4805333333333333	-0.9824008389161015	FALSE	0.625	midpoint	7.870357068134036	-5.311513308216146	0.25	0.01	1.1009314552013107	glm.fit	logit	0	0	NA	speed
4	[-10, 0]	16	1.0328	-0.6092771641397293	FALSE	0.625	midpoint	3.4206168023393313	-3.293957523368185	0.25	0.01	1.1014174411435182	glm.fit	logit	0	0	NA	speed
4	[-10, 0]	17	NA	NA	TRUE	0.625	midpoint	11.397057519337618	-6.767066879873122	0.25	0.01	0.8211269026866425	glm.fit	logit	0	0	NA	speed
4	[-10, 0]	18	1.0230666666666668	-0.8316736384088731	FALSE	0.625	midpoint	4.610536068761435	-4.49637330924073	0.25	0.01	0.8871466130704627	glm.fit	logit	0	0	NA	speed
4	[-10, 0]	19	1.4123999999999999	-2.288993116039003	FALSE	0.625	midpoint	17.580001133627565	-12.400953492347615	0.25	0.01	1.0325890866442091	glm.fit	logit	0	0	NA	speed
4	[-10, 0]	20	1.0230666666666668	-0.7948312431102388	FALSE	0.625	midpoint	4.432929810986955	-4.298359187409021	0.25	0.01	0.9598695023648017	glm.fit	logit	0	0	NA	speed
4	[-10, 0]	21	1.4805333333333333	-0.5833251809352265	FALSE	0.625	midpoint	4.686387337715575	-3.15359486587738	0.25	0.01	1.1700919019426888	glm.fit	logit	0	0	NA	speed
4	[-10, 0]	22	1.3832	-0.3785615565774693	FALSE	0.625	midpoint	2.8500892447155897	-2.046537267171975	0.25	0.01	1.1215269220991098	glm.fit	logit	0	0	NA	speed
4	[-10, 0]	23	1.3734666666666666	-0.6859944799560294	FALSE	0.625	midpoint	5.121750659184618	-3.7091730808158307	0.25	0.01	1.1298023095941656	glm.fit	logit	0	0	NA	speed
4	[-10, 0]	24	0.9744	-0.5687230642248082	FALSE	0.625	midpoint	3.016299958592765	-3.0747244817830763	0.25	0.01	1.1911668194776681	glm.fit	logit	0	0	NA	speed
4	[-10, 0]	25	1.3442666666666667	-0.6345797836998222	FALSE	0.625	midpoint	4.6559173599382975	-3.4320192513018735	0.25	0.01	0.9525196354155496	glm.fit	logit	0	0	NA	speed
4	[-10, 0]	26	0.37093333333333334	-3.331767566522767	FALSE	0.625	midpoint	6.683920948280933	-18.05675805277245	0.25	0.01	1.0008284866734811	glm.fit	logit	0	0	NA	speed
4	[-10, 0]	27	1.4416	-2.4153885916653572	FALSE	0.625	midpoint	18.84259837026119	-13.073838370902157	0.25	0.01	1.1475244663295612	glm.fit	logit	0	0	NA	speed
4	[-10, 0]	28	1.1690666666666667	-2.4549804106247417	FALSE	0.625	midpoint	15.596191798755502	-13.297235347858686	0.25	0.01	0.6561245198288231	glm.fit	logit	0	0	NA	speed
4	[-10, 0]	29	1.2566666666666666	-3.37629993391856	FALSE	0.625	midpoint	23.165007852729335	-18.349549327475604	0.25	0.01	1.1262753732702817	glm.fit	logit	0	0	NA	speed
4	[-10, 0]	30	1.3345333333333333	-1.1113186917928275	FALSE	0.625	midpoint	8.030011409764814	-6.009014853622708	0.25	0.01	0.9012571242196188	glm.fit	logit	0	0	NA	speed
4	[-10, 0]	31	1.2566666666666666	-2.4654144450650892	FALSE	0.625	midpoint	16.763120042872124	-13.345495544901969	0.25	0.01	0.9237794841816246	glm.fit	logit	0	0	NA	speed
4	[-10, 0]	32	NA	NA	TRUE	0.625	midpoint	31.235554225379513	-20.738784068240204	0.25	0.01	0.9585891752764948	glm.fit	logit	0	0	NA	speed
4	[-10, 0]	33	1.2274666666666667	-0.7581357887263201	FALSE	0.625	midpoint	5.079701599386646	-4.100757914128612	0.25	0.01	0.9649935357876407	glm.fit	logit	0	0	NA	speed
4	[-10, 0]	34	1.3150666666666666	-1.2027270318763743	FALSE	0.625	midpoint	8.577405478920838	-6.504318035201679	0.25	0.01	0.9401071655601931	glm.fit	logit	0	0	NA	speed
4	[-10, 0]	35	0.9646666666666667	-0.5769659181915406	FALSE	0.625	midpoint	3.0400467225669066	-3.1197030524780875	0.25	0.01	1.0791769504053257	glm.fit	logit	0	0	NA	speed
4	[-10, 0]	36	1.0230666666666668	-1.3673539016611589	FALSE	0.625	midpoint	7.566623072084191	-7.394298034888643	0.25	0.01	0.7705657634331141	glm.fit	logit	0	0	NA	speed
4	[-10, 0]	37	1.3345333333333333	-2.9201383726968246	FALSE	0.625	midpoint	21.089637343424183	-15.817083300251104	0.25	0.01	0.49533542249864176	glm.fit	logit	1	0	glm.fit: algorithm did not converge	speed
4	[-10, 0]	38	0.6921333333333334	-0.9131007699114244	FALSE	0.625	midpoint	3.4628854384463374	-4.939061889672185	0.25	0.01	1.0971631203168557	glm.fit	logit	0	0	NA	speed
4	[-10, 0]	39	0.7408	-0.9942105800564502	FALSE	0.625	midpoint	4.018220553577245	-5.376978826689263	0.25	0.01	1.274413278245589	glm.fit	logit	0	0	NA	speed
4	[-10, 0]	40	0.7992	-1.1417015390581582	FALSE	0.625	midpoint	4.935289761136622	-6.173220486508365	0.25	0.01	1.0414630351518122	glm.fit	logit	0	0	NA	speed
4	[-10, 0]	41	0.5558666666666666	-4.416242184772023	FALSE	0.625	midpoint	13.360252256391536	-23.984546208719316	0.25	0.01	1.1160554924892936	glm.fit	logit	0	0	NA	speed
4	[-10, 0]	42	1.1204	-1.9785704127869552	FALSE	0.625	midpoint	12.047462804879943	-10.71062610900506	0.25	0.01	0.8410427028033827	glm.fit	logit	0	0	NA	speed
4	[-10, 0]	43	1.0619999999999998	-0.7134612286753166	FALSE	0.625	midpoint	4.10938235833869	-3.857164893206412	0.25	0.01	1.2474455257422843	glm.fit	logit	0	0	NA	speed
4	[-10, 0]	44	0.8186666666666667	-2.330373437382398	FALSE	0.625	midpoint	10.373140141352884	-12.618251840137944	0.25	0.01	0.7626871552465555	glm.fit	logit	0	0	NA	speed
4	[-10, 0]	45	1.3442666666666667	-0.6742629464561338	FALSE	0.625	midpoint	4.926443257676306	-3.64564956457865	0.25	0.01	0.8404579933663263	glm.fit	logit	0	0	NA	speed
4	[-10, 0]	46	NA	NA	TRUE	0.625	midpoint	1.4171967042881575	-0.907318130928533	0.25	0.01	1.183688874148173	glm.fit	logit	0	0	NA	speed
4	[-10, 0]	47	1.1982666666666668	-1.0235763104193658	FALSE	0.625	midpoint	6.666971183338375	-5.5357505392781405	0.25	0.01	1.1694900976182654	glm.fit	logit	0	0	NA	speed
4	[-10, 0]	48	0.7797333333333333	-2.807707163278291	FALSE	0.625	midpoint	11.83814227350143	-15.205753863905251	0.25	0.01	0.9747960208415796	glm.fit	logit	0	0	NA	speed
4	[-10, 0]	49	1.208	-0.5156113941409235	FALSE	0.625	midpoint	3.4003408892272886	-2.787993107197778	0.25	0.01	1.1604354241331247	glm.fit	logit	0	0	NA	speed
4	[-10, 0]	50	1.0425333333333333	-2.0748020829941	FALSE	0.625	midpoint	11.752813619381362	-11.23160671660168	0.25	0.01	0.7410706503888926	glm.fit	logit	0	0	NA	speed
4	[-10, 0]	51	1.3248	-1.1647687388081587	FALSE	0.625	midpoint	8.36293130510775	-6.298562980852408	0.25	0.01	0.9837398529712167	glm.fit	logit	0	0	NA	speed
4	[-10, 0]	52	0.6921333333333334	-0.5196793103728643	FALSE	0.625	midpoint	1.97214238009369	-2.8097796483758404	0.25	0.01	1.1582425747067602	glm.fit	logit	0	0	NA	speed
4	[-10, 0]	53	1.2177333333333333	-0.6372184523946723	FALSE	0.625	midpoint	4.221572867276899	-3.4453323286679396	0.25	0.01	1.0523008098001063	glm.fit	logit	0	0	NA	speed
4	[-10, 0]	54	1.0230666666666668	-1.1016111063154868	FALSE	0.625	midpoint	6.111153108247265	-5.956752518595232	0.25	0.01	0.8093693317603721	glm.fit	logit	0	0	NA	speed
4	[10, 0]	01	0.5850666666666666	-1.2397781736664777	FALSE	0.625	midpoint	3.9235857130568945	-6.703884354410689	0.25	0.01	1.159572319961712	glm.fit	logit	0	0	NA	speed
4	[10, 0]	02	1.2274666666666667	-3.085255578302	FALSE	0.625	midpoint	20.533687629457415	-16.714972239048777	0.25	0.01	0.8278211654301736	glm.fit	logit	0	0	NA	speed
4	[10, 0]	03	1.3832	-0.8524587173111805	FALSE	0.625	midpoint	6.396997841643214	-4.609193186096279	0.25	0.01	0.8865853082182196	glm.fit	logit	0	0	NA	speed
4	[10, 0]	04	1.4708	-1.312341385311906	FALSE	0.625	midpoint	10.487271308352675	-7.100068366451608	0.25	0.01	0.8414542642346137	glm.fit	logit	0	0	NA	speed
4	[10, 0]	05	1.1106666666666667	-2.581501578405256	FALSE	0.625	midpoint	15.634560897735797	-14.000559286007176	0.25	0.01	1.2093989895958146	glm.fit	logit	0	0	NA	speed
4	[10, 0]	06	NA	NA	TRUE	0.625	midpoint	2.6903328398074264	-0.16489822582605704	0.25	0.01	0.8068498622966888	glm.fit	logit	0	0	NA	speed
4	[10, 0]	07	NA	NA	TRUE	0.625	midpoint	29.468112876624517	-17.431704135770264	0.25	0.01	0.9146143748112204	glm.fit	logit	0	0	NA	speed
4	[10, 0]	08	1.0133333333333334	-0.8473382576459342	FALSE	0.625	midpoint	4.677871453612649	-4.58232461638634	0.25	0.01	1.0404261846096488	glm.fit	logit	0	0	NA	speed
4	[10, 0]	09	1.4513333333333334	-0.8760961415394511	FALSE	0.625	midpoint	6.894194794145094	-4.736935575143719	0.25	0.01	0.936578325688644	glm.fit	logit	0	0	NA	speed
4	[10, 0]	10	NA	NA	TRUE	0.625	midpoint	4.983317817615948	-3.2424840979137306	0.25	0.01	1.0511994390819248	glm.fit	logit	0	0	NA	speed
4	[10, 0]	11	0.9452	-0.6290865613696722	FALSE	0.625	midpoint	3.2373629134346653	-3.401210258594731	0.25	0.01	1.1499676511645545	glm.fit	logit	0	0	NA	speed
4	[10, 0]	12	1.0425333333333333	-0.30900213977574686	FALSE	0.625	midpoint	1.7643151163592592	-1.6705343253862244	0.25	0.01	1.3603089397439998	glm.fit	logit	0	0	NA	speed
4	[10, 0]	13	1.1496	-1.3127071209197516	FALSE	0.625	midpoint	8.221740065263557	-7.103918841383932	0.25	0.01	0.9657938705368496	glm.fit	logit	0	0	NA	speed
4	[10, 0]	14	0.7992	-1.39036818832701	FALSE	0.625	midpoint	6.057687780734968	-7.522749269896184	0.25	0.01	1.1898540119578291	glm.fit	logit	0	0	NA	speed
4	[10, 0]	15	1.3442666666666667	-1.036381674656603	FALSE	0.625	midpoint	7.553639396133643	-5.604030468157433	0.25	0.01	0.7616708142019173	glm.fit	logit	0	0	NA	speed
4	[10, 0]	16	0.7505333333333334	-0.7411381424022968	FALSE	0.625	midpoint	3.021839582612624	-4.0068718341888205	0.25	0.01	1.2328974448443488	glm.fit	logit	0	0	NA	speed
4	[10, 0]	17	NA	NA	TRUE	0.625	midpoint	4.162098880985692	-2.0975353512091663	0.25	0.01	1.081275672950245	glm.fit	logit	0	0	NA	speed
4	[10, 0]	18	1.3150666666666666	-0.937387740496539	FALSE	0.625	midpoint	6.7069652063827006	-5.06997578633084	0.25	0.01	0.991662383202809	glm.fit	logit	0	0	NA	speed
4	[10, 0]	19	1.4416	-0.8062245260850909	FALSE	0.625	midpoint	6.314863266008934	-4.359608050369562	0.25	0.01	1.0108337782086447	glm.fit	logit	0	0	NA	speed
4	[10, 0]	20	0.7408	-2.1658129312478533	FALSE	0.625	midpoint	8.695278331581616	-11.72027600636302	0.25	0.01	1.1814343775582161	glm.fit	logit	0	0	NA	speed
4	[10, 0]	21	0.9938666666666666	-2.057753960647474	FALSE	0.625	midpoint	11.112563927280474	-11.13880248837776	0.25	0.01	1.1203834392484526	glm.fit	logit	0	0	NA	speed
4	[10, 0]	22	0.9744	-1.6052771756761686	FALSE	0.625	midpoint	8.464965681009499	-8.682388348354742	0.25	0.01	1.081004157368443	glm.fit	logit	0	0	NA	speed
4	[10, 0]	23	1.3442666666666667	-1.0568691413513989	FALSE	0.625	midpoint	7.721205484945535	-5.716239999544247	0.25	0.01	1.00266545086836	glm.fit	logit	0	0	NA	speed
4	[10, 0]	24	0.7018666666666667	-0.6153608943555532	FALSE	0.625	midpoint	2.3518146970488236	-3.326801622766617	0.25	0.01	1.2851963034392984	glm.fit	logit	0	0	NA	speed
4	[10, 0]	25	1.3150666666666666	-1.262883735080785	FALSE	0.625	midpoint	9.023634154107821	-6.831592826634274	0.25	0.01	0.9627428493797467	glm.fit	logit	0	0	NA	speed
4	[10, 0]	26	1.1106666666666667	-0.4747416265414603	FALSE	0.625	midpoint	2.876529675099478	-2.566729737246464	0.25	0.01	0.8533486701327064	glm.fit	logit	0	0	NA	speed
4	[10, 0]	27	1.2956	-1.6656571745481596	FALSE	0.625	midpoint	11.715080619808408	-9.012626936320599	0.25	0.01	0.711567441696182	glm.fit	logit	0	0	NA	speed
4	[10, 0]	28	1.4221333333333332	-0.44113824497429366	FALSE	0.625	midpoint	3.4082724059157474	-2.3848055779139545	0.25	0.01	1.141944180855905	glm.fit	logit	0	0	NA	speed
4	[10, 0]	29	1.3053333333333332	-2.6268458771226295	FALSE	0.625	midpoint	18.633900692888133	-14.232741821639411	0.25	0.01	0.8262995834545593	glm.fit	logit	0	0	NA	speed
4	[10, 0]	30	NA	NA	TRUE	0.625	midpoint	2.881825858252229	-1.6239940359575822	0.25	0.01	1.2747696806140354	glm.fit	logit	0	0	NA	speed
4	[10, 0]	31	1.1009333333333333	-1.1911293784069752	FALSE	0.625	midpoint	7.152848622677971	-6.445780584767584	0.25	0.01	1.087476804828431	glm.fit	logit	0	0	NA	speed
4	[10, 0]	32	1.4416	-3.000754263044836	FALSE	0.625	midpoint	23.558962940049785	-16.28334872897842	0.25	0.01	0.9552729312090114	glm.fit	logit	0	0	NA	speed
4	[10, 0]	33	0.9257333333333333	-0.7586824163141731	FALSE	0.625	midpoint	3.8262631894452284	-4.102367294000789	0.25	0.01	1.0583584112603095	glm.fit	logit	0	0	NA	speed
4	[10, 0]	34	1.2956	-0.5017504544963349	FALSE	0.625	midpoint	3.5364214037083777	-2.7126477905975483	0.25	0.01	0.9861814377055658	glm.fit	logit	0	0	NA	speed
4	[10, 0]	35	1.1496	-0.6759113633405416	FALSE	0.625	midpoint	4.221614453088	-3.6543468111484825	0.25	0.01	1.1974504694026487	glm.fit	logit	0	0	NA	speed
4	[10, 0]	36	0.9549333333333334	-0.8373807256335679	FALSE	0.625	midpoint	4.34075414694447	-4.527454777318549	0.25	0.01	1.1106749233885431	glm.fit	logit	0	0	NA	speed
4	[10, 0]	37	1.1106666666666667	-0.6383825545703203	FALSE	0.625	midpoint	3.851307773230344	-3.451321710684728	0.25	0.01	0.9930129781410535	glm.fit	logit	0	0	NA	speed
4	[10, 0]	38	0.5364	-1.5587010591349602	FALSE	0.625	midpoint	4.541738452168705	-8.430929560663644	0.25	0.01	0.9092269982549331	glm.fit	logit	0	0	NA	speed
4	[10, 0]	39	0.7408	-0.986871348705792	FALSE	0.625	midpoint	4.004161909002042	-5.338858962512567	0.25	0.01	1.2493138120518485	glm.fit	logit	0	0	NA	speed
4	[10, 0]	40	0.8770666666666668	-0.49041484796307594	FALSE	0.625	midpoint	2.3449757359103467	-2.6512931395292823	0.25	0.01	1.0457559543240937	glm.fit	logit	0	0	NA	speed
4	[10, 0]	41	0.5461333333333334	-1.527842078689892	FALSE	0.625	midpoint	4.564981116531017	-8.268114607450228	0.25	0.01	1.0044995254346571	glm.fit	logit	0	0	NA	speed
4	[10, 0]	42	NA	NA	TRUE	0.625	midpoint	3.1262134213088104	-1.9197422941904747	0.25	0.01	1.0560720282460703	glm.fit	logit	0	0	NA	speed
4	[10, 0]	43	0.9452	-2.2021594841771717	FALSE	0.625	midpoint	11.364569497563354	-11.936856664769719	0.25	0.01	0.8555066088710906	glm.fit	logit	0	0	NA	speed
4	[10, 0]	44	1.1496	-1.3275803218565312	FALSE	0.625	midpoint	8.250102468308091	-7.179044848623987	0.25	0.01	0.913638611902397	glm.fit	logit	0	0	NA	speed
4	[10, 0]	45	1.1788	-1.7787747717836575	FALSE	0.625	midpoint	11.356946794650998	-9.622493498078574	0.25	0.01	1.0110481758427383	glm.fit	logit	0	0	NA	speed
4	[10, 0]	46	0.8186666666666667	-0.4493733292684203	FALSE	0.625	midpoint	2.025507692027918	-2.4299534239798493	0.25	0.01	1.2253497045855215	glm.fit	logit	0	0	NA	speed
4	[10, 0]	47	0.916	-0.8237503561308057	FALSE	0.625	midpoint	4.119569906490173	-4.455071313310397	0.25	0.01	1.587631815038574	glm.fit	logit	0	0	NA	speed
4	[10, 0]	48	1.2469333333333332	-0.6055259470125134	FALSE	0.625	midpoint	4.096682669976116	-3.2735684049447977	0.25	0.01	0.8953683392225557	glm.fit	logit	0	0	NA	speed
4	[10, 0]	49	0.9646666666666667	-1.279469576975727	FALSE	0.625	midpoint	6.716114523681573	-6.921339885541589	0.25	0.01	1.1317824420232647	glm.fit	logit	0	0	NA	speed
4	[10, 0]	50	0.9841333333333334	-2.042449829277701	FALSE	0.625	midpoint	10.885223884933488	-11.051156156019138	0.25	0.01	0.9489589711821704	glm.fit	logit	0	0	NA	speed
4	[10, 0]	51	NA	NA	TRUE	0.625	midpoint	4.695418213819898	-2.9581120976336392	0.25	0.01	1.0333905556749494	glm.fit	logit	0	0	NA	speed
4	[10, 0]	52	0.5948	-0.7109177241421175	FALSE	0.625	midpoint	2.2979587051283703	-3.843382988015523	0.25	0.01	1.138109463010818	glm.fit	logit	0	0	NA	speed
4	[10, 0]	53	1.208	-0.5447639580194094	FALSE	0.625	midpoint	3.585176487021584	-2.9454130324110026	0.25	0.01	0.9541042755404189	glm.fit	logit	0	0	NA	speed
4	[10, 0]	54	1.1690666666666667	-0.4855874729845819	FALSE	0.625	midpoint	3.107321816242792	-2.6258634318755996	0.25	0.01	1.257885032237534	glm.fit	logit	0	0	NA	speed
6	[-10, 0]	01	0.4001333333333333	-1.2134036202804515	FALSE	0.75	nothingSpecial	3.7169475107076333	-7.100737680721566	0.16666666666666666	0.01	1.4984611930637521	glm.fit	logit	0	0	NA	speed
6	[-10, 0]	02	0.7310666666666666	-0.8720011545186112	FALSE	0.75	nothingSpecial	4.625871493102131	-5.118980036821936	0.16666666666666666	0.01	0.9729020349285004	glm.fit	logit	0	0	NA	speed
6	[-10, 0]	03	0.8673333333333333	-1.5854238798456253	FALSE	0.75	nothingSpecial	8.83721853556268	-9.202695029691405	0.16666666666666666	0.01	0.8347304452816906	glm.fit	logit	0	0	NA	speed
6	[-10, 0]	04	0.7894666666666668	-0.8950144458642917	FALSE	0.75	nothingSpecial	5.100251602535171	-5.309547386479446	0.16666666666666666	0.01	1.107266819720966	glm.fit	logit	0	0	NA	speed
6	[-10, 0]	05	0.5948	-2.3067220797843597	FALSE	0.75	nothingSpecial	9.19938447388012	-13.884473214431864	0.16666666666666666	0.01	0.9731046252129878	glm.fit	logit	0	0	NA	speed
6	[-10, 0]	06	0.478	-1.3101425357718222	FALSE	0.75	nothingSpecial	4.597613366502373	-7.7393026915010745	0.16666666666666666	0.01	1.0289551298335113	glm.fit	logit	0	0	NA	speed
6	[-10, 0]	07	1.2177333333333333	-1.6373201821363235	FALSE	0.75	nothingSpecial	12.731806197108023	-9.710278406353657	0.16666666666666666	0.01	1.086526153807151	glm.fit	logit	0	0	NA	speed
6	[-10, 0]	08	0.7116	-0.37362645282275236	FALSE	0.75	nothingSpecial	2.462914961393221	-2.203539433147538	0.16666666666666666	0.01	1.2476359155925556	glm.fit	logit	0	0	NA	speed
6	[-10, 0]	09	0.7116	-1.0921588794838228	FALSE	0.75	nothingSpecial	5.5199494697778855	-6.480021742153315	0.16666666666666666	0.01	0.7639931532431478	glm.fit	logit	0	0	NA	speed
6	[-10, 0]	10	0.6434666666666666	-1.9664289569825253	FALSE	0.75	nothingSpecial	8.237395978529118	-11.458169667190266	0.16666666666666666	0.01	0.8837152209169566	glm.fit	logit	0	0	NA	speed
6	[-10, 0]	11	0.7408	-0.4601465073977528	FALSE	0.75	nothingSpecial	2.891066293092196	-2.7050762169392093	0.16666666666666666	0.01	0.9210090099709745	glm.fit	logit	0	0	NA	speed
6	[-10, 0]	12	0.4098666666666666	-0.383455818463484	FALSE	0.75	nothingSpecial	1.798963699153856	-2.246039166370744	0.16666666666666666	0.01	1.262282867965297	glm.fit	logit	0	0	NA	speed
6	[-10, 0]	13	0.5753333333333334	-0.7986233164666353	FALSE	0.75	nothingSpecial	3.5719483257406526	-4.6800302932389	0.16666666666666666	0.01	1.1335666397803321	glm.fit	logit	0	0	NA	speed
6	[-10, 0]	14	0.8673333333333333	-0.3743307793814357	FALSE	0.75	nothingSpecial	2.8135224251779136	-2.20966796675507	0.16666666666666669	0.01	1.0717561822958694	glm.fit	logit	0	0	NA	speed
6	[-10, 0]	15	0.8089333333333334	-1.8655709681150499	FALSE	0.75	nothingSpecial	9.948975502302774	-11.154153415411903	0.16666666666666666	0.01	0.8960137144540288	glm.fit	logit	0	0	NA	speed
6	[-10, 0]	16	0.33199999999999996	-3.4663947697510578	FALSE	0.75	nothingSpecial	7.59082952552657	-20.24956983791447	0.16666666666666666	0.01	1.136595852897215	glm.fit	logit	0	0	NA	speed
6	[-10, 0]	17	1.2664000000000002	-1.3226983922212232	FALSE	0.75	nothingSpecial	10.86798364212009	-7.861183399360842	0.16666666666666669	0.01	0.9613687415627876	glm.fit	logit	0	0	NA	speed
6	[-10, 0]	18	0.6434666666666666	-0.6787196807987111	FALSE	0.75	nothingSpecial	3.4450413248877165	-3.982420269757754	0.16666666666666666	0.01	0.9793659224290271	glm.fit	logit	0	0	NA	speed
6	[-10, 0]	19	0.8770666666666668	-2.7953169722411135	FALSE	0.75	nothingSpecial	15.235308799000649	-16.372229690639674	0.16666666666666666	0.01	1.0008722960457606	glm.fit	logit	0	0	NA	speed
6	[-10, 0]	20	0.6434666666666666	-0.9974169141655302	FALSE	0.75	nothingSpecial	4.736574608497319	-5.93694022482351	0.16666666666666666	0.01	1.0310662181473325	glm.fit	logit	0	0	NA	speed
6	[-10, 0]	21	0.7310666666666666	-17.437918836217385	FALSE	0.75	nothingSpecial	70.69115162292496	-95.97773640757275	0.16666666666666666	0.01	0.9179854370330709	glm.fit	logit	0	0	NA	speed
6	[-10, 0]	22	0.5948	-0.11463585008082826	FALSE	0.75	nothingSpecial	1.292065600749852	-0.6748807243617223	0.16666666666666666	0.01	1.1105355063934317	glm.fit	logit	0	0	NA	speed
6	[-10, 0]	23	0.6726666666666666	-1.607743417008891	FALSE	0.75	nothingSpecial	7.3782793836423615	-9.597218902901096	0.16666666666666666	0.01	0.9648764635511599	glm.fit	logit	0	0	NA	speed
6	[-10, 0]	24	0.5850666666666666	-0.18011551506278128	FALSE	0.75	nothingSpecial	1.5021802359663392	-1.057268511290966	0.16666666666666666	0.01	1.1768705063149543	glm.fit	logit	0	0	NA	speed
6	[-10, 0]	25	0.7894666666666668	-1.123076497185225	FALSE	0.75	nothingSpecial	6.152847657958856	-6.649052697126924	0.16666666666666666	0.01	0.9857506298945703	glm.fit	logit	0	0	NA	speed
6	[-10, 0]	26	0.19573333333333334	-1.9208049888854548	FALSE	0.75	nothingSpecial	3.0692863448446834	-11.226285683049992	0.16666666666666666	0.01	1.36122780097903	glm.fit	logit	0	0	NA	speed
6	[-10, 0]	27	1.0133333333333334	-1.142918684364325	FALSE	0.75	nothingSpecial	7.814825777349574	-6.806585919950429	0.16666666666666666	0.01	0.9098981225340789	glm.fit	logit	0	0	NA	speed
6	[-10, 0]	28	0.8186666666666667	-3.5720238548186716	FALSE	0.75	nothingSpecial	18.379527858839047	-21.326764285456314	0.16666666666666666	0.01	0.7889471943004949	glm.fit	logit	0	0	NA	speed
6	[-10, 0]	29	0.8576	-3.304003857814037	FALSE	0.75	nothingSpecial	17.095609845880023	-18.972068941418105	0.16666666666666666	0.01	1.1984566286983098	glm.fit	logit	0	0	NA	speed
6	[-10, 0]	30	0.9938666666666666	-0.7818084551814662	FALSE	0.75	nothingSpecial	5.461069149478813	-4.600129279333917	0.16666666666666666	0.01	1.0391831251209085	glm.fit	logit	0	0	NA	speed
6	[-10, 0]	31	0.7797333333333333	-1.3278409140981693	FALSE	0.75	nothingSpecial	7.100100932950684	-7.923443014409185	0.16666666666666666	0.01	0.9631474676918288	glm.fit	logit	0	0	NA	speed
6	[-10, 0]	32	0.8478666666666667	-3.554950844520071	FALSE	0.75	nothingSpecial	18.74868985108662	-21.05058258365944	0.16666666666666666	0.01	0.7518030477211983	glm.fit	logit	0	0	NA	speed
6	[-10, 0]	33	0.43906666666666666	-3.621387272796494	FALSE	0.75	nothingSpecial	10.795348714271547	-22.32653939230992	0.16666666666666666	0.01	1.120080669104671	glm.fit	logit	0	0	NA	speed
6	[-10, 0]	34	0.77	-0.5709984899709224	FALSE	0.75	nothingSpecial	3.4954568616366726	-3.3727319660538475	0.16666666666666669	0.01	1.1569548711776034	glm.fit	logit	0	0	NA	speed
6	[-10, 0]	35	0.5461333333333334	-0.9788818550120697	FALSE	0.75	nothingSpecial	4.051599950522941	-5.777396301630018	0.16666666666666669	0.01	1.2715070246355693	glm.fit	logit	0	0	NA	speed
6	[-10, 0]	36	0.6337333333333334	-0.9772263628384946	FALSE	0.75	nothingSpecial	4.5415063035010395	-5.758076195775386	0.16666666666666669	0.01	0.7181431962730604	glm.fit	logit	0	0	NA	speed
6	[-10, 0]	37	0.9938666666666666	-1.592880235048406	FALSE	0.75	nothingSpecial	10.211649376690612	-9.378957104300797	0.16666666666666666	0.01	0.6414648281853447	glm.fit	logit	0	0	NA	speed
6	[-10, 0]	38	0.3125333333333333	-1.1105252557927359	FALSE	0.75	nothingSpecial	2.9489838180038896	-6.560642722350031	0.16666666666666669	0.01	1.0484240734797372	glm.fit	logit	0	0	NA	speed
6	[-10, 0]	39	0.4001333333333333	-0.9383916824323558	FALSE	0.75	nothingSpecial	3.090987502997226	-5.51259811111952	0.16666666666666666	0.01	1.0831685875752217	glm.fit	logit	0	0	NA	speed
6	[-10, 0]	40	0.5850666666666666	-1.4278906297535074	FALSE	0.75	nothingSpecial	5.754163402300948	-8.344357530119328	0.16666666666666666	0.01	0.9713653011735145	glm.fit	logit	0	0	NA	speed
6	[-10, 0]	41	0.37093333333333334	-4.530826465467641	FALSE	0.75	nothingSpecial	10.285203127706747	-25.6219788555174	0.16666666666666666	0.01	1.0039910114414534	glm.fit	logit	0	0	NA	speed
6	[-10, 0]	42	0.6045333333333334	-2.687415907564983	FALSE	0.75	nothingSpecial	10.36773942199281	-15.709014902386954	0.16666666666666666	0.01	0.8357625641345775	glm.fit	logit	0	0	NA	speed
6	[-10, 0]	43	0.5850666666666666	-1.5714083386387345	FALSE	0.75	nothingSpecial	6.416953383010088	-9.387838546210006	0.16666666666666666	0.01	0.727038555725069	glm.fit	logit	0	0	NA	speed
6	[-10, 0]	44	0.5753333333333334	-1.143816312716946	FALSE	0.75	nothingSpecial	4.719568060169395	-6.68585594409136	0.16666666666666666	0.01	1.3857546108843144	glm.fit	logit	0	0	NA	speed
6	[-10, 0]	45	0.8284	-1.7304733529358198	FALSE	0.75	nothingSpecial	9.177084552860402	-10.045434170262302	0.16666666666666666	0.01	0.9076844595822033	glm.fit	logit	0	0	NA	speed
6	[-10, 0]	46	0.2736	-0.8520626011805216	FALSE	0.75	nothingSpecial	2.2321399097380152	-4.975665658640658	0.16666666666666666	0.01	1.0862887255460048	glm.fit	logit	0	0	NA	speed
6	[-10, 0]	47	0.6726666666666666	-2.9760044274560444	FALSE	0.75	nothingSpecial	12.429563813204748	-17.22108059628308	0.16666666666666666	0.01	1.0161246593200592	glm.fit	logit	0	0	NA	speed
6	[-10, 0]	48	0.5169333333333332	-4.372113012403878	FALSE	0.75	nothingSpecial	13.973508606981799	-25.38625230676901	0.16666666666666666	0.01	1.040597627196234	glm.fit	logit	0	0	NA	speed
6	[-10, 0]	49	0.43906666666666666	-0.8414270768055062	FALSE	0.75	nothingSpecial	3.023704879411301	-4.908777293132725	0.16666666666666666	0.01	1.0470672446562572	glm.fit	logit	0	0	NA	speed
6	[-10, 0]	50	0.6337333333333334	-2.377912549615492	FALSE	0.75	nothingSpecial	9.920440933726834	-14.198609701636988	0.16666666666666666	0.01	0.9250852295011763	glm.fit	logit	0	0	NA	speed
6	[-10, 0]	51	0.9646666666666667	-0.3286086858681559	FALSE	0.75	nothingSpecial	2.7551487434309676	-1.9338084080838362	0.16666666666666666	0.01	1.2713715491125746	glm.fit	logit	0	0	NA	speed
6	[-10, 0]	52	0.23466666666666666	-1.1123225331646729	FALSE	0.75	nothingSpecial	2.4342569787191626	-6.560604698768898	0.16666666666666669	0.01	0.9140345794861217	glm.fit	logit	0	0	NA	speed
6	[-10, 0]	53	0.6629333333333334	-0.40996446295671535	FALSE	0.75	nothingSpecial	2.4866269302546278	-2.4111261104120745	0.16666666666666666	0.01	1.3916004869875238	glm.fit	logit	0	0	NA	speed
6	[-10, 0]	54	0.5850666666666666	-3.0607096413890393	FALSE	0.75	nothingSpecial	11.326073204741455	-17.8747228934904	0.16666666666666666	0.01	0.8341054169430979	glm.fit	logit	0	0	NA	speed
6	[10, 0]	01	0.26386666666666664	-0.9939949710892889	FALSE	0.75	nothingSpecial	2.464345718264824	-5.896597735286666	0.16666666666666663	0.01	1.283192683632446	glm.fit	logit	0	0	NA	speed
6	[10, 0]	02	0.6824	-1.3981782817127875	FALSE	0.75	nothingSpecial	6.4456457552717685	-8.168438819094282	0.16666666666666666	0.01	0.9788100315686522	glm.fit	logit	0	0	NA	speed
6	[10, 0]	03	0.6726666666666666	-1.7102440456015207	FALSE	0.75	nothingSpecial	7.568826399313243	-9.966137274413493	0.16666666666666666	0.01	1.1302486224644726	glm.fit	logit	0	0	NA	speed
6	[10, 0]	04	0.6921333333333334	-0.64053127782951	FALSE	0.75	nothingSpecial	3.5088780737622765	-3.7772402012314483	0.16666666666666666	0.01	1.0547169338807498	glm.fit	logit	0	0	NA	speed
6	[10, 0]	05	0.5461333333333334	-1.4405287881132391	FALSE	0.75	nothingSpecial	5.493841095818963	-8.447259332102385	0.16666666666666666	0.01	1.0029964902770179	glm.fit	logit	0	0	NA	speed
6	[10, 0]	06	0.5364	-0.945535218692408	FALSE	0.75	nothingSpecial	3.8932724288398775	-5.5841751275561755	0.16666666666666666	0.01	0.8821217374908626	glm.fit	logit	0	0	NA	speed
6	[10, 0]	07	1.2371999999999999	-3.783736952075642	FALSE	0.75	nothingSpecial	27.852959538298492	-21.836519904824005	0.16666666666666666	0.01	0.9799297815069181	glm.fit	logit	0	0	NA	speed
6	[10, 0]	08	0.4877333333333333	-0.514154506748977	FALSE	0.75	nothingSpecial	2.386208297304824	-3.042102917750819	0.16666666666666666	0.01	1.0890386541284203	glm.fit	logit	0	0	NA	speed
6	[10, 0]	09	0.9646666666666667	-0.39307312911703496	FALSE	0.75	nothingSpecial	3.120494803049748	-2.312872141703661	0.16666666666666666	0.01	1.0735519536381861	glm.fit	logit	0	0	NA	speed
6	[10, 0]	10	0.5656000000000001	-0.716119760304464	FALSE	0.75	nothingSpecial	3.258374482234422	-4.2012778171985845	0.16666666666666666	0.01	1.134106922525918	glm.fit	logit	0	0	NA	speed
6	[10, 0]	11	0.5656000000000001	-1.507476829087778	FALSE	0.75	nothingSpecial	6.025592271137115	-9.014844315638516	0.16666666666666666	0.01	1.0432921596097868	glm.fit	logit	0	0	NA	speed
6	[10, 0]	12	0.39039999999999997	-1.4896795207438045	FALSE	0.75	nothingSpecial	4.384806864123288	-8.877942403709593	0.16666666666666666	0.01	1.163844871735935	glm.fit	logit	0	0	NA	speed
6	[10, 0]	13	0.26386666666666664	-0.7545977627832173	FALSE	0.75	nothingSpecial	2.0836110794418428	-4.468690130301881	0.16666666666666666	0.01	1.0244323534403346	glm.fit	logit	0	0	NA	speed
6	[10, 0]	14	0.4488	-2.2601819920889175	FALSE	0.75	nothingSpecial	7.0378495486661645	-13.590181361730895	0.16666666666666666	0.01	0.9202474302103666	glm.fit	logit	0	0	NA	speed
6	[10, 0]	15	0.7894666666666668	-2.0647812907454632	FALSE	0.75	nothingSpecial	10.357537086667474	-12.026174024415727	0.16666666666666666	0.01	1.1089272120564324	glm.fit	logit	0	0	NA	speed
6	[10, 0]	16	0.3125333333333333	-1.3132414924566136	FALSE	0.75	nothingSpecial	3.3417257875504274	-7.788395828592421	0.16666666666666666	0.01	0.9974858884791079	glm.fit	logit	0	0	NA	speed
6	[10, 0]	17	1.1204	-1.1518966413176046	FALSE	0.75	nothingSpecial	8.5302221807279	-6.810025775262497	0.16666666666666666	0.01	0.9164195060006715	glm.fit	logit	0	0	NA	speed
6	[10, 0]	18	0.5850666666666666	-2.780043581490973	FALSE	0.75	nothingSpecial	10.302423841104092	-16.147215443614012	0.16666666666666666	0.01	1.0335848181325418	glm.fit	logit	0	0	NA	speed
6	[10, 0]	19	0.9549333333333334	-0.9562439313653169	FALSE	0.75	nothingSpecial	6.198058502588353	-5.580403208640622	0.16666666666666666	0.01	1.1750448079814448	glm.fit	logit	0	0	NA	speed
6	[10, 0]	20	0.39039999999999997	-1.2661260558025975	FALSE	0.75	nothingSpecial	3.839481026375028	-7.509467525155883	0.16666666666666669	0.01	1.11613030044633	glm.fit	logit	0	0	NA	speed
6	[10, 0]	21	0.6629333333333334	-2.377799631072616	FALSE	0.75	nothingSpecial	9.992977903085233	-13.788767673991524	0.16666666666666669	0.01	1.0777169355625413	glm.fit	logit	0	0	NA	speed
6	[10, 0]	22	0.6824	-0.557282066453233	FALSE	0.75	nothingSpecial	3.1010771456774378	-3.260871021966833	0.16666666666666666	0.01	1.097080658907257	glm.fit	logit	0	0	NA	speed
6	[10, 0]	23	0.7505333333333334	-0.8151181010411489	FALSE	0.75	nothingSpecial	4.491034879975989	-4.797920634910207	0.16666666666666666	0.01	1.0157255518758135	glm.fit	logit	0	0	NA	speed
6	[10, 0]	24	0.2054666666666667	-0.4968895902913996	FALSE	0.75	nothingSpecial	1.474521499627593	-2.9086931924199346	0.16666666666666666	0.01	1.0896755677380643	glm.fit	logit	0	0	NA	speed
6	[10, 0]	25	0.7992	-0.4542154345788058	FALSE	0.75	nothingSpecial	3.016120661691654	-2.6672336500200946	0.16666666666666666	0.01	1.1157046979296605	glm.fit	logit	0	0	NA	speed
6	[10, 0]	26	0.38066666666666665	-1.7605557457657985	FALSE	0.75	nothingSpecial	4.739419285875636	-10.209758824943755	0.16666666666666666	0.01	1.1222942200396877	glm.fit	logit	0	0	NA	speed
6	[10, 0]	27	0.8089333333333334	-2.8232290271242606	FALSE	0.75	nothingSpecial	14.221909627909676	-16.504250570582094	0.16666666666666666	0.01	1.0740097550148548	glm.fit	logit	0	0	NA	speed
6	[10, 0]	28	0.6921333333333334	-2.735192859204157	FALSE	0.75	nothingSpecial	12.177815033088299	-16.27468182162771	0.16666666666666666	0.01	0.6686566654560443	glm.fit	logit	0	0	NA	speed
6	[10, 0]	29	0.9452	-0.38112024191001187	FALSE	0.75	nothingSpecial	3.006690984743923	-2.241395952201863	0.16666666666666666	0.01	1.1333916068655618	glm.fit	logit	0	0	NA	speed
6	[10, 0]	30	0.8576	-1.1630148748536124	FALSE	0.75	nothingSpecial	6.75701042068808	-6.842650653638008	0.16666666666666666	0.01	1.1531374627641802	glm.fit	logit	0	0	NA	speed
6	[10, 0]	31	0.7116	-1.890876211734835	FALSE	0.75	nothingSpecial	8.710490900009214	-11.023911126898527	0.16666666666666666	0.01	0.9480761371881773	glm.fit	logit	0	0	NA	speed
6	[10, 0]	32	0.7797333333333333	-1.1731079754137954	FALSE	0.75	nothingSpecial	6.312917601479215	-6.939779161687825	0.16666666666666666	0.01	1.0196848580752182	glm.fit	logit	0	0	NA	speed
6	[10, 0]	33	0.45853333333333335	-1.520883738778958	FALSE	0.75	nothingSpecial	5.023865756571313	-8.992870715696931	0.16666666666666666	0.01	1.1608358174470614	glm.fit	logit	0	0	NA	speed
6	[10, 0]	34	0.5461333333333334	-1.4411481753016784	FALSE	0.75	nothingSpecial	5.631669964631325	-8.615903646974978	0.16666666666666666	0.01	1.1800944095961086	glm.fit	logit	0	0	NA	speed
6	[10, 0]	35	0.5753333333333334	-0.9189322336094045	FALSE	0.75	nothingSpecial	3.9402698678239667	-5.34890329537804	0.16666666666666666	0.01	1.1026647136510723	glm.fit	logit	0	0	NA	speed
6	[10, 0]	36	0.5948	-7.350649548330253	FALSE	0.75	nothingSpecial	29.13792242958015	-47.188679100351756	0.16666666666666666	0.01	0.680388211316866	glm.fit	logit	0	0	NA	speed
6	[10, 0]	37	0.5948	-1.1100153802574209	FALSE	0.75	nothingSpecial	4.8271323885883435	-6.587065449238348	0.16666666666666666	0.01	1.0625661071238854	glm.fit	logit	0	0	NA	speed
6	[10, 0]	38	0.3417333333333333	-2.4945069585243154	FALSE	0.75	nothingSpecial	6.019758311859225	-14.91000050982236	0.16666666666666666	0.01	0.8228896274174855	glm.fit	logit	0	0	NA	speed
6	[10, 0]	39	0.45853333333333335	-1.1516895176584097	FALSE	0.75	nothingSpecial	4.005125583413185	-6.787521357526964	0.16666666666666669	0.01	1.1690798072244555	glm.fit	logit	0	0	NA	speed
6	[10, 0]	40	0.6921333333333334	-0.45390679524240907	FALSE	0.75	nothingSpecial	2.72689996363434	-2.6639209488386255	0.16666666666666669	0.01	0.9510625047525542	glm.fit	logit	0	0	NA	speed
6	[10, 0]	41	0.3028	-2.1588638792494312	FALSE	0.75	nothingSpecial	4.718572526812883	-12.67085306032831	0.16666666666666666	0.01	1.2395821835467071	glm.fit	logit	0	0	NA	speed
6	[10, 0]	42	0.7992	-0.6408686816346942	FALSE	0.75	nothingSpecial	3.8924826502104093	-3.7636106243296776	0.16666666666666666	0.01	1.0095542692274937	glm.fit	logit	0	0	NA	speed
6	[10, 0]	43	0.5169333333333332	-0.6015249129956183	FALSE	0.75	nothingSpecial	2.7265512407354158	-3.54581950940996	0.16666666666666669	0.01	1.0572055018985087	glm.fit	logit	0	0	NA	speed
6	[10, 0]	44	0.6142666666666667	-1.8158144031097607	FALSE	0.75	nothingSpecial	7.419499203333198	-10.6463988296545	0.16666666666666666	0.01	1.155428102475087	glm.fit	logit	0	0	NA	speed
6	[10, 0]	45	0.7310666666666666	-1.3239259945882795	FALSE	0.75	nothingSpecial	6.559472899401986	-7.766592133194725	0.16666666666666666	0.01	0.7331501686028044	glm.fit	logit	0	0	NA	speed
6	[10, 0]	46	0.2736	-0.9294838123701279	FALSE	0.75	nothingSpecial	2.416304864694578	-5.512808980078235	0.16666666666666666	0.01	0.9231745753556714	glm.fit	logit	0	0	NA	speed
6	[10, 0]	47	0.624	-2.9713710605355823	FALSE	0.75	nothingSpecial	11.40619979704621	-16.976411159109176	0.16666666666666666	0.01	0.8485357466226979	glm.fit	logit	0	0	NA	speed
6	[10, 0]	48	0.6434666666666666	-1.712813278570003	FALSE	0.75	nothingSpecial	7.315761121397872	-10.012983700075544	0.16666666666666669	0.01	0.7536826800351661	glm.fit	logit	0	0	NA	speed
6	[10, 0]	49	0.38066666666666665	-1.2135779675223064	FALSE	0.75	nothingSpecial	3.580821244948208	-7.1041289327284485	0.16666666666666669	0.01	1.2021243926366811	glm.fit	logit	0	0	NA	speed
6	[10, 0]	50	0.6532000000000001	-1.2912988341807343	FALSE	0.75	nothingSpecial	5.88792633773496	-7.635334214360593	0.16666666666666666	0.01	1.0860149414002702	glm.fit	logit	0	0	NA	speed
6	[10, 0]	51	0.8478666666666667	-0.8778399321172473	FALSE	0.75	nothingSpecial	5.213360484539028	-5.123361281789117	0.16666666666666666	0.01	0.9949179866335444	glm.fit	logit	0	0	NA	speed
6	[10, 0]	52	0.186	-0.5112098778061905	FALSE	0.75	nothingSpecial	1.4547489101489097	-3.0140717142858984	0.16666666666666669	0.01	1.0442568706270705	glm.fit	logit	0	0	NA	speed
6	[10, 0]	53	0.5558666666666666	-2.8941976835284335	FALSE	0.75	nothingSpecial	10.324524652398344	-16.98889902371721	0.16666666666666669	0.01	0.9216608746741844	glm.fit	logit	0	0	NA	speed
6	[10, 0]	54	0.5948	-1.5349895795915585	FALSE	0.75	nothingSpecial	6.291001198660715	-9.06706596294903	0.16666666666666666	0.01	0.9122378092763883	glm.fit	logit	0	0	NA	speed
6	[-10, 0]	01	0.5169333333333332	-1.460203894190371	FALSE	0.583	midpoint	3.7169475107076333	-7.100737680721566	0.16666666666666666	0.01	1.4984611930637521	glm.fit	logit	0	0	NA	speed
6	[-10, 0]	02	0.8965333333333333	-1.053087559738099	FALSE	0.583	midpoint	4.625871493102131	-5.118980036821936	0.16666666666666666	0.01	0.9729020349285004	glm.fit	logit	0	0	NA	speed
6	[-10, 0]	03	0.9549333333333334	-1.8918104206475919	FALSE	0.583	midpoint	8.83721853556268	-9.202695029691405	0.16666666666666666	0.01	0.8347304452816906	glm.fit	logit	0	0	NA	speed
6	[-10, 0]	04	0.9549333333333334	-1.0923932213113754	FALSE	0.583	midpoint	5.100251602535171	-5.309547386479446	0.16666666666666666	0.01	1.107266819720966	glm.fit	logit	0	0	NA	speed
6	[-10, 0]	05	0.6629333333333334	-2.8535273278986284	FALSE	0.583	midpoint	9.19938447388012	-13.884473214431864	0.16666666666666666	0.01	0.9731046252129878	glm.fit	logit	0	0	NA	speed
6	[-10, 0]	06	0.5948	-1.5922405831357085	FALSE	0.583	midpoint	4.597613366502373	-7.7393026915010745	0.16666666666666666	0.01	1.0289551298335113	glm.fit	logit	0	0	NA	speed
6	[-10, 0]	07	1.3053333333333332	-1.9956141771670834	FALSE	0.583	midpoint	12.731806197108023	-9.710278406353657	0.16666666666666666	0.01	1.086526153807151	glm.fit	logit	0	0	NA	speed
6	[-10, 0]	08	1.1106666666666667	-0.45351718349082076	FALSE	0.583	midpoint	2.462914961393221	-2.203539433147538	0.16666666666666666	0.01	1.2476359155925556	glm.fit	logit	0	0	NA	speed
6	[-10, 0]	09	0.8478666666666667	-1.3331416153804787	FALSE	0.583	midpoint	5.5199494697778855	-6.480021742153315	0.16666666666666666	0.01	0.7639931532431478	glm.fit	logit	0	0	NA	speed
6	[-10, 0]	10	0.7213333333333334	-2.355579162568313	FALSE	0.583	midpoint	8.237395978529118	-11.458169667190266	0.16666666666666666	0.01	0.8837152209169566	glm.fit	logit	0	0	NA	speed
6	[-10, 0]	11	1.0619999999999998	-0.556716213514841	FALSE	0.583	midpoint	2.891066293092196	-2.7050762169392093	0.16666666666666666	0.01	0.9210090099709745	glm.fit	logit	0	0	NA	speed
6	[-10, 0]	12	0.7894666666666668	-0.4622144605063234	FALSE	0.583	midpoint	1.798963699153856	-2.246039166370744	0.16666666666666666	0.01	1.262282867965297	glm.fit	logit	0	0	NA	speed
6	[-10, 0]	13	0.7602666666666666	-0.9630933526212825	FALSE	0.583	midpoint	3.5719483257406526	-4.6800302932389	0.16666666666666666	0.01	1.1335666397803321	glm.fit	logit	0	0	NA	speed
6	[-10, 0]	14	1.2664000000000002	-0.45477952990118536	FALSE	0.583	midpoint	2.8135224251779136	-2.20966796675507	0.16666666666666669	0.01	1.0717561822958694	glm.fit	logit	0	0	NA	speed
6	[-10, 0]	15	0.8868	-2.291756717801785	FALSE	0.583	midpoint	9.948975502302774	-11.154153415411903	0.16666666666666666	0.01	0.8960137144540288	glm.fit	logit	0	0	NA	speed
6	[-10, 0]	16	0.37093333333333334	-4.148086792097669	FALSE	0.583	midpoint	7.59082952552657	-20.24956983791447	0.16666666666666666	0.01	1.136595852897215	glm.fit	logit	0	0	NA	speed
6	[-10, 0]	17	1.3832	-1.6172919160008459	FALSE	0.583	midpoint	10.86798364212009	-7.861183399360842	0.16666666666666669	0.01	0.9613687415627876	glm.fit	logit	0	0	NA	speed
6	[-10, 0]	18	0.8576	-0.8194313545784927	FALSE	0.583	midpoint	3.4450413248877165	-3.982420269757754	0.16666666666666666	0.01	0.9793659224290271	glm.fit	logit	0	0	NA	speed
6	[-10, 0]	19	0.9257333333333333	-3.3576301536718467	FALSE	0.583	midpoint	15.235308799000649	-16.372229690639674	0.16666666666666666	0.01	1.0008722960457606	glm.fit	logit	0	0	NA	speed
6	[-10, 0]	20	0.7894666666666668	-1.2209310733894934	FALSE	0.583	midpoint	4.736574608497319	-5.93694022482351	0.16666666666666666	0.01	1.0310662181473325	glm.fit	logit	0	0	NA	speed
6	[-10, 0]	21	0.7408	-17.82126782138847	FALSE	0.583	midpoint	70.69115162292496	-95.97773640757275	0.16666666666666666	0.01	0.9179854370330709	glm.fit	logit	0	0	NA	speed
6	[-10, 0]	22	NA	NA	TRUE	0.583	midpoint	1.292065600749852	-0.6748807243617223	0.16666666666666666	0.01	1.1105355063934317	glm.fit	logit	0	0	NA	speed
6	[-10, 0]	23	0.77	-1.973926327557074	FALSE	0.583	midpoint	7.3782793836423615	-9.597218902901096	0.16666666666666666	0.01	0.9648764635511599	glm.fit	logit	0	0	NA	speed
6	[-10, 0]	24	1.4026666666666667	-0.2175991588611616	FALSE	0.583	midpoint	1.5021802359663392	-1.057268511290966	0.16666666666666666	0.01	1.1768705063149543	glm.fit	logit	0	0	NA	speed
6	[-10, 0]	25	0.9257333333333333	-1.3681172288229555	FALSE	0.583	midpoint	6.152847657958856	-6.649052697126924	0.16666666666666666	0.01	0.9857506298945703	glm.fit	logit	0	0	NA	speed
6	[-10, 0]	26	0.2736	-2.3084445525973836	FALSE	0.583	midpoint	3.0692863448446834	-11.226285683049992	0.16666666666666666	0.01	1.36122780097903	glm.fit	logit	0	0	NA	speed
6	[-10, 0]	27	1.1496	-1.400474898604261	FALSE	0.583	midpoint	7.814825777349574	-6.806585919950429	0.16666666666666666	0.01	0.9098981225340789	glm.fit	logit	0	0	NA	speed
6	[-10, 0]	28	0.8576	-4.365371892422398	FALSE	0.583	midpoint	18.379527858839047	-21.326764285456314	0.16666666666666666	0.01	0.7889471943004949	glm.fit	logit	0	0	NA	speed
6	[-10, 0]	29	0.8965333333333333	-3.8868086709459493	FALSE	0.583	midpoint	17.095609845880023	-18.972068941418105	0.16666666666666666	0.01	1.1984566286983098	glm.fit	logit	0	0	NA	speed
6	[-10, 0]	30	1.1788	-0.9463523897457841	FALSE	0.583	midpoint	5.461069149478813	-4.600129279333917	0.16666666666666666	0.01	1.0391831251209085	glm.fit	logit	0	0	NA	speed
6	[-10, 0]	31	0.8965333333333333	-1.6300957474455866	FALSE	0.583	midpoint	7.100100932950684	-7.923443014409185	0.16666666666666666	0.01	0.9631474676918288	glm.fit	logit	0	0	NA	speed
6	[-10, 0]	32	0.8868	-4.310809980121919	FALSE	0.583	midpoint	18.74868985108662	-21.05058258365944	0.16666666666666666	0.01	0.7518030477211983	glm.fit	logit	0	0	NA	speed
6	[-10, 0]	33	0.478	-4.560404708564559	FALSE	0.583	midpoint	10.795348714271547	-22.32653939230992	0.16666666666666666	0.01	1.120080669104671	glm.fit	logit	0	0	NA	speed
6	[-10, 0]	34	1.0328	-0.6941329270403038	FALSE	0.583	midpoint	3.4954568616366726	-3.3727319660538475	0.16666666666666669	0.01	1.1569548711776034	glm.fit	logit	0	0	NA	speed
6	[-10, 0]	35	0.7018666666666667	-1.1888641135217888	FALSE	0.583	midpoint	4.051599950522941	-5.777396301630018	0.16666666666666669	0.01	1.2715070246355693	glm.fit	logit	0	0	NA	speed
6	[-10, 0]	36	0.7894666666666668	-1.1848883997488135	FALSE	0.583	midpoint	4.5415063035010395	-5.758076195775386	0.16666666666666669	0.01	0.7181431962730604	glm.fit	logit	0	0	NA	speed
6	[-10, 0]	37	1.0912000000000002	-1.9289151560218303	FALSE	0.583	midpoint	10.211649376690612	-9.378957104300797	0.16666666666666666	0.01	0.6414648281853447	glm.fit	logit	0	0	NA	speed
6	[-10, 0]	38	0.4488	-1.3499332368154386	FALSE	0.583	midpoint	2.9489838180038896	-6.560642722350031	0.16666666666666669	0.01	1.0484240734797372	glm.fit	logit	0	0	NA	speed
6	[-10, 0]	39	0.5558666666666666	-1.1342020198706715	FALSE	0.583	midpoint	3.090987502997226	-5.51259811111952	0.16666666666666666	0.01	1.0831685875752217	glm.fit	logit	0	0	NA	speed
6	[-10, 0]	40	0.6824	-1.7150632758967839	FALSE	0.583	midpoint	5.754163402300948	-8.344357530119328	0.16666666666666666	0.01	0.9713653011735145	glm.fit	logit	0	0	NA	speed
6	[-10, 0]	41	0.4001333333333333	-5.245286940642078	FALSE	0.583	midpoint	10.285203127706747	-25.6219788555174	0.16666666666666666	0.01	1.0039910114414534	glm.fit	logit	0	0	NA	speed
6	[-10, 0]	42	0.6629333333333334	-3.225436017558478	FALSE	0.583	midpoint	10.36773942199281	-15.709014902386954	0.16666666666666666	0.01	0.8357625641345775	glm.fit	logit	0	0	NA	speed
6	[-10, 0]	43	0.6824	-1.9309316672546597	FALSE	0.583	midpoint	6.416953383010088	-9.387838546210006	0.16666666666666666	0.01	0.727038555725069	glm.fit	logit	0	0	NA	speed
6	[-10, 0]	44	0.7018666666666667	-1.3754363523100033	FALSE	0.583	midpoint	4.719568060169395	-6.68585594409136	0.16666666666666666	0.01	1.3857546108843144	glm.fit	logit	0	0	NA	speed
6	[-10, 0]	45	0.916	-2.065729405376008	FALSE	0.583	midpoint	9.177084552860402	-10.045434170262302	0.16666666666666666	0.01	0.9076844595822033	glm.fit	logit	0	0	NA	speed
6	[-10, 0]	46	0.4488	-1.0239574938685	FALSE	0.583	midpoint	2.2321399097380152	-4.975665658640658	0.16666666666666666	0.01	1.0862887255460048	glm.fit	logit	0	0	NA	speed
6	[-10, 0]	47	0.7213333333333334	-3.5363480329009236	FALSE	0.583	midpoint	12.429563813204748	-17.22108059628308	0.16666666666666666	0.01	1.0161246593200592	glm.fit	logit	0	0	NA	speed
6	[-10, 0]	48	0.5461333333333334	-5.1836688659299295	FALSE	0.583	midpoint	13.973508606981799	-25.38625230676901	0.16666666666666666	0.01	1.040597627196234	glm.fit	logit	0	0	NA	speed
6	[-10, 0]	49	0.6142666666666667	-1.0101799883969669	FALSE	0.583	midpoint	3.023704879411301	-4.908777293132725	0.16666666666666666	0.01	1.0470672446562572	glm.fit	logit	0	0	NA	speed
6	[-10, 0]	50	0.7018666666666667	-2.9164289643776744	FALSE	0.583	midpoint	9.920440933726834	-14.198609701636988	0.16666666666666666	0.01	0.9250852295011763	glm.fit	logit	0	0	NA	speed
6	[-10, 0]	51	1.4123999999999999	-0.3979739457818026	FALSE	0.583	midpoint	2.7551487434309676	-1.9338084080838362	0.16666666666666666	0.01	1.2713715491125746	glm.fit	logit	0	0	NA	speed
6	[-10, 0]	52	0.37093333333333334	-1.3499322813291321	FALSE	0.583	midpoint	2.4342569787191626	-6.560604698768898	0.16666666666666669	0.01	0.9140345794861217	glm.fit	logit	0	0	NA	speed
6	[-10, 0]	53	1.0230666666666668	-0.4962183039254855	FALSE	0.583	midpoint	2.4866269302546278	-2.4111261104120745	0.16666666666666666	0.01	1.3916004869875238	glm.fit	logit	0	0	NA	speed
6	[-10, 0]	54	0.6337333333333334	-3.669958471474268	FALSE	0.583	midpoint	11.326073204741455	-17.8747228934904	0.16666666666666666	0.01	0.8341054169430979	glm.fit	logit	0	0	NA	speed
6	[10, 0]	01	0.4098666666666666	-1.212698932762646	FALSE	0.583	midpoint	2.464345718264824	-5.896597735286666	0.16666666666666663	0.01	1.283192683632446	glm.fit	logit	0	0	NA	speed
6	[10, 0]	02	0.7894666666666668	-1.6804479349578383	FALSE	0.583	midpoint	6.4456457552717685	-8.168438819094282	0.16666666666666666	0.01	0.9788100315686522	glm.fit	logit	0	0	NA	speed
6	[10, 0]	03	0.7602666666666666	-2.0497226990981896	FALSE	0.583	midpoint	7.568826399313243	-9.966137274413493	0.16666666666666666	0.01	1.1302486224644726	glm.fit	logit	0	0	NA	speed
6	[10, 0]	04	0.9257333333333333	-0.7773656466281803	FALSE	0.583	midpoint	3.5088780737622765	-3.7772402012314483	0.16666666666666666	0.01	1.0547169338807498	glm.fit	logit	0	0	NA	speed
6	[10, 0]	05	0.6434666666666666	-1.7362748566669646	FALSE	0.583	midpoint	5.493841095818963	-8.447259332102385	0.16666666666666666	0.01	1.0029964902770179	glm.fit	logit	0	0	NA	speed
6	[10, 0]	06	0.6921333333333334	-1.1488969633117003	FALSE	0.583	midpoint	3.8932724288398775	-5.5841751275561755	0.16666666666666666	0.01	0.8821217374908626	glm.fit	logit	0	0	NA	speed
6	[10, 0]	07	1.2761333333333333	-4.477642161448558	FALSE	0.583	midpoint	27.852959538298492	-21.836519904824005	0.16666666666666666	0.01	0.9799297815069181	glm.fit	logit	0	0	NA	speed
6	[10, 0]	08	0.7797333333333333	-0.6260889765507289	FALSE	0.583	midpoint	2.386208297304824	-3.042102917750819	0.16666666666666666	0.01	1.0890386541284203	glm.fit	logit	0	0	NA	speed
6	[10, 0]	09	1.3345333333333333	-0.4759094343837037	FALSE	0.583	midpoint	3.120494803049748	-2.312872141703661	0.16666666666666666	0.01	1.0735519536381861	glm.fit	logit	0	0	NA	speed
6	[10, 0]	10	0.77	-0.8645243281421631	FALSE	0.583	midpoint	3.258374482234422	-4.2012778171985845	0.16666666666666666	0.01	1.134106922525918	glm.fit	logit	0	0	NA	speed
6	[10, 0]	11	0.6629333333333334	-1.8532393804480531	FALSE	0.583	midpoint	6.025592271137115	-9.014844315638516	0.16666666666666666	0.01	1.0432921596097868	glm.fit	logit	0	0	NA	speed
6	[10, 0]	12	0.4877333333333333	-1.8248754787265706	FALSE	0.583	midpoint	4.384806864123288	-8.877942403709593	0.16666666666666666	0.01	1.163844871735935	glm.fit	logit	0	0	NA	speed
6	[10, 0]	13	0.45853333333333335	-0.9193858554977505	FALSE	0.583	midpoint	2.0836110794418428	-4.468690130301881	0.16666666666666666	0.01	1.0244323534403346	glm.fit	logit	0	0	NA	speed
6	[10, 0]	14	0.5169333333333332	-2.793129710082928	FALSE	0.583	midpoint	7.0378495486661645	-13.590181361730895	0.16666666666666666	0.01	0.9202474302103666	glm.fit	logit	0	0	NA	speed
6	[10, 0]	15	0.8576	-2.4713786019231967	FALSE	0.583	midpoint	10.357537086667474	-12.026174024415727	0.16666666666666666	0.01	1.1089272120564324	glm.fit	logit	0	0	NA	speed
6	[10, 0]	16	0.4293333333333333	-1.6023424467944658	FALSE	0.583	midpoint	3.3417257875504274	-7.788395828592421	0.16666666666666666	0.01	0.9974858884791079	glm.fit	logit	0	0	NA	speed
6	[10, 0]	17	1.2469333333333332	-1.4006967737324283	FALSE	0.583	midpoint	8.5302221807279	-6.810025775262497	0.16666666666666666	0.01	0.9164195060006715	glm.fit	logit	0	0	NA	speed
6	[10, 0]	18	0.6337333333333334	-3.312845076658099	FALSE	0.583	midpoint	10.302423841104092	-16.147215443614012	0.16666666666666666	0.01	1.0335848181325418	glm.fit	logit	0	0	NA	speed
6	[10, 0]	19	1.1106666666666667	-1.1483506814038686	FALSE	0.583	midpoint	6.198058502588353	-5.580403208640622	0.16666666666666666	0.01	1.1750448079814448	glm.fit	logit	0	0	NA	speed
6	[10, 0]	20	0.5072	-1.5446479447449155	FALSE	0.583	midpoint	3.839481026375028	-7.509467525155883	0.16666666666666669	0.01	1.11613030044633	glm.fit	logit	0	0	NA	speed
6	[10, 0]	21	0.7213333333333334	-2.8323991061573057	FALSE	0.583	midpoint	9.992977903085233	-13.788767673991524	0.16666666666666669	0.01	1.0777169355625413	glm.fit	logit	0	0	NA	speed
6	[10, 0]	22	0.9452	-0.6710796847366519	FALSE	0.583	midpoint	3.1010771456774378	-3.260871021966833	0.16666666666666666	0.01	1.097080658907257	glm.fit	logit	0	0	NA	speed
6	[10, 0]	23	0.9354666666666667	-0.9873907038651043	FALSE	0.583	midpoint	4.491034879975989	-4.797920634910207	0.16666666666666666	0.01	1.0157255518758135	glm.fit	logit	0	0	NA	speed
6	[10, 0]	24	0.49746666666666667	-0.5985525213208286	FALSE	0.583	midpoint	1.474521499627593	-2.9086931924199346	0.16666666666666666	0.01	1.0896755677380643	glm.fit	logit	0	0	NA	speed
6	[10, 0]	25	1.1204	-0.5488690895661301	FALSE	0.583	midpoint	3.016120661691654	-2.6672336500200946	0.16666666666666666	0.01	1.1157046979296605	glm.fit	logit	0	0	NA	speed
6	[10, 0]	26	0.45853333333333335	-2.0980261709435144	FALSE	0.583	midpoint	4.739419285875636	-10.209758824943755	0.16666666666666666	0.01	1.1222942200396877	glm.fit	logit	0	0	NA	speed
6	[10, 0]	27	0.8576	-3.385963279172609	FALSE	0.583	midpoint	14.221909627909676	-16.504250570582094	0.16666666666666666	0.01	1.0740097550148548	glm.fit	logit	0	0	NA	speed
6	[10, 0]	28	0.7505333333333334	-3.3417556461870714	FALSE	0.583	midpoint	12.177815033088299	-16.27468182162771	0.16666666666666666	0.01	0.6686566654560443	glm.fit	logit	0	0	NA	speed
6	[10, 0]	29	1.3345333333333333	-0.46130809314957916	FALSE	0.583	midpoint	3.006690984743923	-2.241395952201863	0.16666666666666666	0.01	1.1333916068655618	glm.fit	logit	0	0	NA	speed
6	[10, 0]	30	0.9841333333333334	-1.4077403494647989	FALSE	0.583	midpoint	6.75701042068808	-6.842650653638008	0.16666666666666666	0.01	1.1531374627641802	glm.fit	logit	0	0	NA	speed
6	[10, 0]	31	0.7894666666666668	-2.2668822236249264	FALSE	0.583	midpoint	8.710490900009214	-11.023911126898527	0.16666666666666666	0.01	0.9480761371881773	glm.fit	logit	0	0	NA	speed
6	[10, 0]	32	0.9062666666666667	-1.4276959757212742	FALSE	0.583	midpoint	6.312917601479215	-6.939779161687825	0.16666666666666666	0.01	1.0196848580752182	glm.fit	logit	0	0	NA	speed
6	[10, 0]	33	0.5558666666666666	-1.8495625179198076	FALSE	0.583	midpoint	5.023865756571313	-8.992870715696931	0.16666666666666666	0.01	1.1608358174470614	glm.fit	logit	0	0	NA	speed
6	[10, 0]	34	0.6532000000000001	-1.7723952927221884	FALSE	0.583	midpoint	5.631669964631325	-8.615903646974978	0.16666666666666666	0.01	1.1800944095961086	glm.fit	logit	0	0	NA	speed
6	[10, 0]	35	0.7310666666666666	-1.1004887380931292	FALSE	0.583	midpoint	3.9402698678239667	-5.34890329537804	0.16666666666666666	0.01	1.1026647136510723	glm.fit	logit	0	0	NA	speed
6	[10, 0]	36	0.6142666666666667	-9.493981936811574	FALSE	0.583	midpoint	29.13792242958015	-47.188679100351756	0.16666666666666666	0.01	0.680388211316866	glm.fit	logit	0	0	NA	speed
6	[10, 0]	37	0.7310666666666666	-1.3553282422119823	FALSE	0.583	midpoint	4.8271323885883435	-6.587065449238348	0.16666666666666666	0.01	1.0625661071238854	glm.fit	logit	0	0	NA	speed
6	[10, 0]	38	0.4001333333333333	-3.0613984059929638	FALSE	0.583	midpoint	6.019758311859225	-14.91000050982236	0.16666666666666666	0.01	0.8228896274174855	glm.fit	logit	0	0	NA	speed
6	[10, 0]	39	0.5850666666666666	-1.3961877593440015	FALSE	0.583	midpoint	4.005125583413185	-6.787521357526964	0.16666666666666669	0.01	1.1690798072244555	glm.fit	logit	0	0	NA	speed
6	[10, 0]	40	1.0133333333333334	-0.5481896801999708	FALSE	0.583	midpoint	2.72689996363434	-2.6639209488386255	0.16666666666666669	0.01	0.9510625047525542	glm.fit	logit	0	0	NA	speed
6	[10, 0]	41	0.37093333333333334	-2.6045603995519055	FALSE	0.583	midpoint	4.718572526812883	-12.67085306032831	0.16666666666666666	0.01	1.2395821835467071	glm.fit	logit	0	0	NA	speed
6	[10, 0]	42	1.0328	-0.7745842026389276	FALSE	0.583	midpoint	3.8924826502104093	-3.7636106243296776	0.16666666666666666	0.01	1.0095542692274937	glm.fit	logit	0	0	NA	speed
6	[10, 0]	43	0.7602666666666666	-0.7296026105646041	FALSE	0.583	midpoint	2.7265512407354158	-3.54581950940996	0.16666666666666669	0.01	1.0572055018985087	glm.fit	logit	0	0	NA	speed
6	[10, 0]	44	0.6921333333333334	-2.18801834279362	FALSE	0.583	midpoint	7.419499203333198	-10.6463988296545	0.16666666666666666	0.01	1.155428102475087	glm.fit	logit	0	0	NA	speed
6	[10, 0]	45	0.8381333333333334	-1.5968645480683956	FALSE	0.583	midpoint	6.559472899401986	-7.766592133194725	0.16666666666666666	0.01	0.7331501686028044	glm.fit	logit	0	0	NA	speed
6	[10, 0]	46	0.4293333333333333	-1.1337543132929735	FALSE	0.583	midpoint	2.416304864694578	-5.512808980078235	0.16666666666666666	0.01	0.9231745753556714	glm.fit	logit	0	0	NA	speed
6	[10, 0]	47	0.6726666666666666	-3.4862300836339464	FALSE	0.583	midpoint	11.40619979704621	-16.976411159109176	0.16666666666666666	0.01	0.8485357466226979	glm.fit	logit	0	0	NA	speed
6	[10, 0]	48	0.7310666666666666	-2.059366073347382	FALSE	0.583	midpoint	7.315761121397872	-10.012983700075544	0.16666666666666669	0.01	0.7536826800351661	glm.fit	logit	0	0	NA	speed
6	[10, 0]	49	0.49746666666666667	-1.4608866508161547	FALSE	0.583	midpoint	3.580821244948208	-7.1041289327284485	0.16666666666666669	0.01	1.2021243926366811	glm.fit	logit	0	0	NA	speed
6	[10, 0]	50	0.77	-1.5708535394520744	FALSE	0.583	midpoint	5.88792633773496	-7.635334214360593	0.16666666666666666	0.01	1.0860149414002702	glm.fit	logit	0	0	NA	speed
6	[10, 0]	51	1.0133333333333334	-1.054216156679685	FALSE	0.583	midpoint	5.213360484539028	-5.123361281789117	0.16666666666666666	0.01	0.9949179866335444	glm.fit	logit	0	0	NA	speed
6	[10, 0]	52	0.478	-0.6203214479121197	FALSE	0.583	midpoint	1.4547489101489097	-3.0140717142858984	0.16666666666666669	0.01	1.0442568706270705	glm.fit	logit	0	0	NA	speed
6	[10, 0]	53	0.6045333333333334	-3.486394646107529	FALSE	0.583	midpoint	10.324524652398344	-16.98889902371721	0.16666666666666669	0.01	0.9216608746741844	glm.fit	logit	0	0	NA	speed
6	[10, 0]	54	0.6921333333333334	-1.864983922991796	FALSE	0.583	midpoint	6.291001198660715	-9.06706596294903	0.16666666666666666	0.01	0.9122378092763883	glm.fit	logit	0	0	NA	speed
