trialnum	subject	session	basicShape	numObjects	speed	initialDirRing0	orderCorrect	trialDurTotal	numTargets	whichIsTargetEachRing0	whichIsTargetEachRing1	whichIsTargetEachRing2	ringToQuery	direction0	direction1	direction2	respAdj0	respAdj1	respAdj2	rev0_0	rev0_1	rev0_2	rev0_3	rev0_4	rev0_5	rev0_6	rev0_7	rev0_8	rev1_0	rev1_1	rev1_2	rev1_3	rev1_4	rev1_5	rev1_6	rev1_7	rev1_8	rev2_0	rev2_1	rev2_2	rev2_3	rev2_4	rev2_5	rev2_6	rev2_7	rev2_8	timingBlips
0	Y482	2	circle	8	0.5914062500000057	1	3 	 3.4329095081221452 	 3 	 0.0	1.0	0.0	2	1	-1	-1	-999	-999	-0.0	2.9741 	3.906 	-999	-999	-999	-999	-999	-999	-999	2.8925 	4.5265 	-999	-999	-999	-999	-999	-999	-999	2.1561 	3.4392 	4.3175 	-999	-999	-999	-999	-999	-999	5
1	Y482	2	circle	4	0.5914062500000057	1	3 	 3.3729180946874693 	 3 	 2.0	1.0	0.0	2	1	-1	-1	-999	-999	-0.0	3.1703 	3.8519 	-999	-999	-999	-999	-999	-999	-999	2.1443 	3.7844 	-999	-999	-999	-999	-999	-999	-999	1.9029 	2.5212 	4.1899 	-999	-999	-999	-999	-999	-999	5
2	Y482	2	circle	8	0.8914062500000028	1	0 	 4.721922110546089 	 3 	 1.0	6.0	1.0	1	1	-1	-1	-999	1.0	-999	1.9609 	2.6332 	3.5073 	4.1286 	4.8518 	6.228 	-999	-999	-999	2.6818 	4.1904 	4.7207 	5.3269 	-999	-999	-999	-999	-999	2.5583 	4.1317 	5.9903 	-999	-999	-999	-999	-999	-999	3
3	Y482	2	circle	4	0.5914062500000057	1	3 	 3.7444445086102793 	 2 	 -999.0	3.0	3.0	2	1	-1	-1	-999	-999	-0.0	1.7653 	3.2392 	4.3903 	-999	-999	-999	-999	-999	-999	2.6171 	3.5735 	4.219 	-999	-999	-999	-999	-999	-999	2.3736 	3.8451 	5.0447 	-999	-999	-999	-999	-999	-999	2
4	Y482	2	circle	8	0.02	1	3 	 4.129818634015926 	 2 	 5.0	-999.0	3.0	0	1	-1	-1	0.0	-999	-999	2.5579 	4.0589 	4.8816 	-999	-999	-999	-999	-999	-999	2.884 	3.7632 	5.5051 	-999	-999	-999	-999	-999	-999	2.6306 	3.531 	5.01 	-999	-999	-999	-999	-999	-999	6
5	Y482	2	circle	4	0.8914062500000028	-1	3 	 4.495126548716421 	 3 	 0.0	2.0	2.0	1	-1	1	-1	-999	-0.0	-999	1.8172 	3.0677 	4.2227 	5.4989 	-999	-999	-999	-999	-999	2.2846 	3.819 	4.3467 	5.4487 	-999	-999	-999	-999	-999	2.4889 	3.717 	4.277 	5.0886 	-999	-999	-999	-999	-999	7
6	Y482	2	circle	4	0.8914062500000028	-1	3 	 3.38302896512263 	 2 	 -999.0	1.0	2.0	2	-1	1	-1	-999	-999	0.0	2.2006 	3.31 	5.0103 	-999	-999	-999	-999	-999	-999	3.1302 	4.3343 	-999	-999	-999	-999	-999	-999	-999	2.9771 	3.9707 	-999	-999	-999	-999	-999	-999	-999	4
7	Y482	2	circle	4	1.19140625	-1	3 	 4.534335097508803 	 2 	 1.0	-999.0	1.0	0	-1	1	-1	-0.0	-999	-999	2.8464 	4.3405 	4.9427 	-999	-999	-999	-999	-999	-999	1.7468 	2.6337 	3.3777 	4.7291 	6.5833 	-999	-999	-999	-999	2.1622 	3.3327 	5.2834 	-999	-999	-999	-999	-999	-999	2
8	Y482	2	circle	8	0.5914062500000057	-1	3 	 3.2205821216112924 	 2 	 0.0	6.0	-999.0	1	-1	1	-1	-999	-0.0	-999	3.0884 	4.6409 	-999	-999	-999	-999	-999	-999	-999	1.8975 	3.8702 	-999	-999	-999	-999	-999	-999	-999	2.4717 	3.7059 	-999	-999	-999	-999	-999	-999	-999	7
9	Y482	2	circle	4	1.4914062499999972	1	3 	 4.268966096393893 	 2 	 -999.0	0.0	3.0	1	1	-1	-1	-999	0.0	-999	2.9316 	4.7055 	-999	-999	-999	-999	-999	-999	-999	2.4592 	3.1973 	3.7492 	5.2704 	-999	-999	-999	-999	-999	2.0473 	3.6801 	5.0398 	-999	-999	-999	-999	-999	-999	5
10	Y482	2	circle	4	1.19140625	1	0 	 4.504893120691012 	 3 	 3.0	0.0	3.0	1	1	-1	-1	-999	2.0	-999	2.3663 	2.9412 	4.6305 	5.5407 	-999	-999	-999	-999	-999	2.1201 	2.8064 	4.2186 	5.115 	-999	-999	-999	-999	-999	2.8338 	4.7196 	5.7997 	-999	-999	-999	-999	-999	-999	7
11	Y482	2	circle	8	0.5914062500000057	-1	0 	 4.014272822675768 	 3 	 5.0	6.0	2.0	2	-1	1	-1	-999	-999	3.0	2.469 	4.3284 	-999	-999	-999	-999	-999	-999	-999	3.0804 	4.8864 	-999	-999	-999	-999	-999	-999	-999	2.84 	3.9356 	5.1342 	-999	-999	-999	-999	-999	-999	1
12	Y482	2	circle	4	0.1	1	3 	 5.657892707288887 	 3 	 2.0	0.0	2.0	2	1	-1	-1	-999	-999	-0.0	3.1225 	4.8147 	6.0312 	-999	-999	-999	-999	-999	-999	3.0591 	4.0005 	5.8897 	7.1177 	-999	-999	-999	-999	-999	3.015 	4.3474 	6.1992 	-999	-999	-999	-999	-999	-999	2
13	Y482	2	circle	4	1.7914062499999943	-1	0 	 4.608490534347307 	 2 	 -999.0	0.0	1.0	1	-1	1	-1	-999	1.0	-999	2.2042 	3.6938 	4.4387 	5.0143 	-999	-999	-999	-999	-999	2.1929 	3.7305 	4.9881 	-999	-999	-999	-999	-999	-999	1.7269 	2.7981 	4.7661 	6.5499 	-999	-999	-999	-999	-999	2
14	Y482	2	circle	8	0.8914062500000028	1	3 	 3.8586275390981153 	 2 	 5.0	-999.0	2.0	0	1	-1	-1	0.0	-999	-999	2.2746 	4.0235 	5.9043 	-999	-999	-999	-999	-999	-999	2.0165 	2.8611 	4.5623 	-999	-999	-999	-999	-999	-999	2.7035 	4.6828 	-999	-999	-999	-999	-999	-999	-999	5
15	Y482	2	circle	4	1.4914062499999972	-1	3 	 5.293396031170882 	 2 	 -999.0	0.0	0.0	1	-1	1	-1	-999	-0.0	-999	1.7489 	3.2301 	4.4021 	6.0988 	-999	-999	-999	-999	-999	2.7853 	4.036 	4.6064 	6.201 	-999	-999	-999	-999	-999	3.0262 	3.7231 	5.5983 	-999	-999	-999	-999	-999	-999	5
16	Y482	2	circle	8	0.2914062500000085	1	3 	 4.818283132756984 	 3 	 3.0	6.0	1.0	2	1	-1	-1	-999	-999	-0.0	2.7879 	4.4278 	5.8558 	-999	-999	-999	-999	-999	-999	2.9093 	3.7242 	5.6022 	-999	-999	-999	-999	-999	-999	1.8871 	3.51 	4.0784 	4.6928 	6.6696 	-999	-999	-999	-999	5
17	Y482	2	circle	8	1.19140625	-1	3 	 4.005396145017302 	 2 	 5.0	5.0	1.0	2	-1	1	-1	-999	-999	-0.0	1.9333 	2.6708 	4.0757 	4.6739 	-999	-999	-999	-999	-999	2.9817 	4.5898 	-999	-999	-999	-999	-999	-999	-999	2.5615 	3.895 	5.4738 	-999	-999	-999	-999	-999	-999	6
18	Y482	2	circle	8	0.2914062500000085	-1	3 	 3.521694971094381 	 3 	 2.0	6.0	0.0	0	-1	1	-1	0.0	-999	-999	3.1309 	4.0446 	-999	-999	-999	-999	-999	-999	-999	2.1548 	3.6074 	4.2924 	-999	-999	-999	-999	-999	-999	2.5735 	3.9233 	-999	-999	-999	-999	-999	-999	-999	4
19	Y482	2	circle	4	0.8914062500000028	1	3 	 4.725833275156134 	 3 	 1.0	0.0	0.0	0	1	-1	-1	0.0	-999	-999	2.9935 	4.7462 	6.0526 	-999	-999	-999	-999	-999	-999	2.299 	2.9269 	4.1373 	4.8446 	6.4483 	-999	-999	-999	-999	1.792 	2.8935 	4.3524 	5.8458 	-999	-999	-999	-999	-999	4
20	Y482	2	circle	4	0.8914062500000028	-1	0 	 3.316893166020099 	 3 	 0.0	2.0	1.0	2	-1	1	-1	-999	-999	-1.0	3.0096 	3.6388 	-999	-999	-999	-999	-999	-999	-999	2.0145 	2.7316 	3.4748 	5.1194 	-999	-999	-999	-999	-999	2.5085 	4.4189 	-999	-999	-999	-999	-999	-999	-999	4
21	Y482	2	circle	4	0.02	-1	3 	 3.521532601824008 	 3 	 2.0	1.0	2.0	2	-1	1	-1	-999	-999	-0.0	1.9313 	3.8117 	5.1176 	-999	-999	-999	-999	-999	-999	2.869 	3.4329 	4.4543 	-999	-999	-999	-999	-999	-999	1.8189 	3.3142 	4.0757 	-999	-999	-999	-999	-999	-999	3
22	Y482	2	circle	4	1.4914062499999972	1	0 	 5.524021331333276 	 2 	 2.0	0.0	1.0	0	1	-1	-1	1.0	-999	-999	2.7058 	3.7694 	5.4686 	5.9822 	-999	-999	-999	-999	-999	2.1031 	3.2412 	3.8408 	5.6325 	6.6744 	-999	-999	-999	-999	1.8594 	3.7467 	4.7019 	5.715 	6.8353 	-999	-999	-999	-999	6
23	Y482	2	circle	8	1.4914062499999972	1	0 	 4.342485357675964 	 2 	 5.0	6.0	-999.0	1	1	-1	-1	-999	-1.0	-999	2.1856 	3.0659 	3.795 	4.4417 	5.2808 	-999	-999	-999	-999	2.9166 	3.789 	5.1442 	-999	-999	-999	-999	-999	-999	2.241 	3.9818 	4.8593 	-999	-999	-999	-999	-999	-999	2
24	Y482	2	circle	8	0.2914062500000085	-1	3 	 5.414618491612809 	 3 	 3.0	5.0	0.0	1	-1	1	-1	-999	-0.0	-999	1.7747 	3.383 	5.2527 	6.0908 	-999	-999	-999	-999	-999	2.3431 	3.1982 	4.538 	6.0496 	-999	-999	-999	-999	-999	2.8584 	3.8166 	4.922 	5.7818 	-999	-999	-999	-999	-999	9
25	Y482	2	circle	8	1.19140625	1	0 	 4.217107149615683 	 2 	 2.0	2.0	-999.0	1	1	-1	-1	-999	1.0	-999	3.0069 	4.4966 	5.5965 	-999	-999	-999	-999	-999	-999	2.3212 	4.2952 	6.2709 	-999	-999	-999	-999	-999	-999	2.8315 	3.7587 	4.322 	5.9937 	-999	-999	-999	-999	-999	11
26	Y482	2	circle	4	0.1	1	3 	 3.879764866145522 	 2 	 -999.0	2.0	3.0	1	1	-1	-1	-999	0.0	-999	2.3506 	3.3624 	4.2835 	-999	-999	-999	-999	-999	-999	2.5017 	3.1512 	3.8366 	5.7355 	-999	-999	-999	-999	-999	2.511 	4.2364 	-999	-999	-999	-999	-999	-999	-999	6
27	Y482	2	circle	4	1.19140625	1	3 	 4.771324836076087 	 2 	 3.0	0.0	2.0	0	1	-1	-1	-0.0	-999	-999	2.0498 	2.7374 	3.4661 	4.306 	4.8147 	6.5976 	-999	-999	-999	2.1695 	3.8838 	5.7371 	-999	-999	-999	-999	-999	-999	2.9688 	4.3361 	5.0815 	-999	-999	-999	-999	-999	-999	1
28	Y482	2	circle	8	0.8914062500000028	-1	0 	 5.189083969394869 	 2 	 4.0	2.0	-999.0	1	-1	1	-1	-999	-2.0	-999	2.1023 	4.0348 	4.5449 	5.4378 	6.1372 	-999	-999	-999	-999	2.278 	3.9301 	5.696 	-999	-999	-999	-999	-999	-999	3.0787 	4.4299 	5.9113 	-999	-999	-999	-999	-999	-999	11
29	Y482	2	circle	8	0.49140625000001137	1	0 	 3.8910473999543234 	 3 	 3.0	0.0	7.0	0	1	-1	-1	-2.0	-999	-999	2.7031 	3.5107 	4.2232 	-999	-999	-999	-999	-999	-999	2.443 	2.9673 	4.229 	-999	-999	-999	-999	-999	-999	2.2954 	3.2164 	4.9567 	-999	-999	-999	-999	-999	-999	1
30	Y482	2	circle	8	0.02	-1	3 	 5.440314831895457 	 2 	 7.0	4.0	3.0	1	-1	1	-1	-999	-0.0	-999	2.9061 	3.9295 	5.1602 	5.7076 	7.3133 	-999	-999	-999	-999	3.141 	4.1284 	5.2355 	6.4163 	-999	-999	-999	-999	-999	2.3331 	3.468 	5.3424 	6.9758 	-999	-999	-999	-999	-999	2
31	Y482	2	circle	8	0.39140625000001705	-1	0 	 3.2001616136150814 	 3 	 4.0	0.0	5.0	0	-1	1	-1	3.0	-999	-999	2.863 	4.3531 	-999	-999	-999	-999	-999	-999	-999	2.4431 	3.7705 	-999	-999	-999	-999	-999	-999	-999	1.8206 	2.747 	4.4922 	-999	-999	-999	-999	-999	-999	3
32	Y482	2	circle	8	0.5914062500000057	1	0 	 4.91475709502925 	 2 	 0.0	0.0	3.0	2	1	-1	-1	-999	-999	3.0	2.4929 	3.9763 	4.7774 	5.9124 	-999	-999	-999	-999	-999	2.3806 	4.0441 	5.3633 	-999	-999	-999	-999	-999	-999	2.7482 	3.7203 	4.9444 	6.9068 	-999	-999	-999	-999	-999	3
33	Y482	2	circle	4	0.5914062500000057	1	3 	 4.957622955526615 	 3 	 3.0	3.0	0.0	2	1	-1	-1	-999	-999	0.0	3.0786 	3.6736 	5.4365 	-999	-999	-999	-999	-999	-999	1.8891 	3.354 	4.9709 	5.9106 	-999	-999	-999	-999	-999	2.8284 	3.836 	4.9301 	6.4408 	-999	-999	-999	-999	-999	2
34	Y482	2	circle	8	0.2914062500000085	-1	3 	 5.2919037352485905 	 2 	 5.0	1.0	0.0	1	-1	1	-1	-999	-0.0	-999	2.0349 	2.7635 	3.9539 	5.8844 	-999	-999	-999	-999	-999	2.7302 	3.9187 	4.8419 	6.3532 	-999	-999	-999	-999	-999	2.3389 	2.9495 	4.5895 	5.162 	6.9926 	-999	-999	-999	-999	1
35	Y482	2	circle	4	0.5914062500000057	-1	3 	 4.654384685105569 	 3 	 1.0	2.0	1.0	2	-1	1	-1	-999	-999	-0.0	3.0953 	4.9548 	-999	-999	-999	-999	-999	-999	-999	2.8815 	4.2676 	4.9667 	-999	-999	-999	-999	-999	-999	2.8202 	4.5633 	6.3034 	-999	-999	-999	-999	-999	-999	9
36	Y482	2	circle	4	0.02	-1	3 	 3.5267909824179235 	 2 	 0.0	2.0	3.0	0	-1	1	-1	-0.0	-999	-999	1.7089 	3.5473 	4.7262 	-999	-999	-999	-999	-999	-999	2.1031 	3.4621 	4.0315 	-999	-999	-999	-999	-999	-999	1.7347 	2.7042 	3.5637 	5.4864 	-999	-999	-999	-999	-999	6
37	Y482	2	circle	8	0.1	-1	3 	 3.2143280485571912 	 3 	 0.0	4.0	3.0	2	-1	1	-1	-999	-999	0.0	2.8606 	4.7862 	-999	-999	-999	-999	-999	-999	-999	2.3144 	3.349 	4.094 	-999	-999	-999	-999	-999	-999	2.5173 	3.8979 	-999	-999	-999	-999	-999	-999	-999	5
38	Y482	2	circle	4	0.5914062500000057	-1	3 	 3.7212289272638697 	 3 	 3.0	3.0	0.0	1	-1	1	-1	-999	0.0	-999	2.3215 	2.8395 	4.2662 	-999	-999	-999	-999	-999	-999	2.2529 	3.6307 	5.5476 	-999	-999	-999	-999	-999	-999	2.3259 	4.307 	-999	-999	-999	-999	-999	-999	-999	10
39	Y482	2	circle	8	0.1	1	3 	 3.8710661820816576 	 3 	 3.0	5.0	0.0	1	1	-1	-1	-999	-0.0	-999	2.8413 	4.7988 	-999	-999	-999	-999	-999	-999	-999	3.0721 	3.5898 	4.1961 	-999	-999	-999	-999	-999	-999	3.0703 	4.5532 	-999	-999	-999	-999	-999	-999	-999	2
40	Y482	2	circle	4	1.19140625	1	0 	 4.72427520120956 	 2 	 0.0	0.0	0.0	2	1	-1	-1	-999	-999	-1.0	2.0782 	2.7534 	3.3431 	4.9484 	5.9486 	-999	-999	-999	-999	2.1173 	4.0143 	5.5259 	-999	-999	-999	-999	-999	-999	2.9115 	4.1932 	5.6751 	-999	-999	-999	-999	-999	-999	2
41	Y482	2	circle	4	0.7914062500000085	-1	0 	 4.73621494270125 	 3 	 3.0	0.0	0.0	2	-1	1	-1	-999	-999	1.0	2.2567 	3.1597 	4.8086 	5.7307 	-999	-999	-999	-999	-999	2.0709 	3.3195 	4.9666 	5.7051 	-999	-999	-999	-999	-999	3.0907 	4.9598 	6.1955 	-999	-999	-999	-999	-999	-999	1
42	Y482	2	circle	4	0.6914062500000142	1	3 	 4.972968290358436 	 3 	 3.0	0.0	0.0	2	1	-1	-1	-999	-999	0.0	2.6641 	3.2642 	4.4625 	6.2796 	-999	-999	-999	-999	-999	2.3679 	4.3132 	5.0797 	6.6463 	-999	-999	-999	-999	-999	1.8818 	3.3349 	5.1339 	7.0966 	-999	-999	-999	-999	-999	1
43	Y482	2	circle	8	0.29140625000002274	-1	3 	 4.107779687120614 	 3 	 2.0	2.0	1.0	0	-1	1	-1	0.0	-999	-999	2.3094 	2.9457 	3.8332 	5.7522 	-999	-999	-999	-999	-999	2.0886 	3.3996 	4.2289 	5.8585 	-999	-999	-999	-999	-999	2.8149 	4.6806 	-999	-999	-999	-999	-999	-999	-999	3
44	Y482	2	circle	4	0.6914062500000142	-1	3 	 5.36372420099531 	 3 	 1.0	1.0	2.0	2	-1	1	-1	-999	-999	-0.0	2.7858 	3.3951 	4.1603 	5.2856 	6.6649 	-999	-999	-999	-999	2.0973 	2.8604 	4.7692 	5.5278 	6.7846 	-999	-999	-999	-999	2.4122 	3.5725 	4.3545 	5.4345 	6.2084 	-999	-999	-999	-999	1
45	Y482	2	circle	8	0.2914062500000085	-1	3 	 3.293725710193176 	 2 	 7.0	5.0	-999.0	1	-1	1	-1	-999	-0.0	-999	1.7741 	2.8589 	3.9624 	-999	-999	-999	-999	-999	-999	2.8676 	4.5371 	-999	-999	-999	-999	-999	-999	-999	1.942 	3.6708 	-999	-999	-999	-999	-999	-999	-999	4
46	Y482	2	circle	4	0.6914062500000142	1	3 	 5.286828101470206 	 3 	 0.0	2.0	0.0	2	1	-1	-1	-999	-999	0.0	2.7787 	3.3606 	5.1666 	5.6829 	-999	-999	-999	-999	-999	1.8469 	2.8794 	3.4334 	5.0888 	6.9138 	-999	-999	-999	-999	2.4224 	4.4046 	5.2807 	6.2183 	-999	-999	-999	-999	-999	2
47	Y482	2	circle	4	0.8914062500000028	-1	3 	 3.4677557759144797 	 2 	 0.0	1.0	3.0	1	-1	1	-1	-999	-0.0	-999	2.9411 	3.5221 	5.3344 	-999	-999	-999	-999	-999	-999	2.2461 	3.6674 	5.1246 	-999	-999	-999	-999	-999	-999	1.7837 	3.0059 	4.999 	-999	-999	-999	-999	-999	-999	1
48	Y482	2	circle	4	0.8914062500000028	-1	0 	 4.70392657688291 	 2 	 3.0	0.0	3.0	2	-1	1	-1	-999	-999	1.0	1.8601 	3.8205 	5.2159 	-999	-999	-999	-999	-999	-999	2.7692 	4.558 	6.2129 	-999	-999	-999	-999	-999	-999	3.0664 	4.4825 	5.3679 	-999	-999	-999	-999	-999	-999	2
49	Y482	2	circle	8	0.29140625000002274	1	3 	 5.106851061693831 	 3 	 2.0	7.0	3.0	0	1	-1	-1	-0.0	-999	-999	1.9815 	3.899 	4.4342 	6.0936 	-999	-999	-999	-999	-999	2.0775 	3.3872 	4.0309 	5.5072 	-999	-999	-999	-999	-999	2.3246 	3.2526 	3.8292 	5.3193 	7.3134 	-999	-999	-999	-999	6
50	Y482	2	circle	4	0.7914062500000085	-1	0 	 3.7899426774246567 	 3 	 3.0	0.0	0.0	2	-1	1	-1	-999	-999	-1.0	2.1721 	2.9752 	3.4854 	4.3612 	-999	-999	-999	-999	-999	3.0376 	4.4899 	-999	-999	-999	-999	-999	-999	-999	1.847 	3.625 	4.664 	-999	-999	-999	-999	-999	-999	1
51	Y482	2	circle	8	0.02	-1	3 	 5.02227039625475 	 2 	 6.0	4.0	3.0	0	-1	1	-1	-0.0	-999	-999	2.0221 	3.4389 	5.4159 	-999	-999	-999	-999	-999	-999	2.5686 	3.9024 	5.0149 	7.0068 	-999	-999	-999	-999	-999	2.7884 	3.5345 	4.4271 	6.3555 	-999	-999	-999	-999	-999	2
52	Y482	2	circle	4	0.1	1	3 	 5.4453585177858175 	 2 	 0.0	0.0	3.0	0	1	-1	-1	0.0	-999	-999	3.1783 	4.3014 	6.0942 	-999	-999	-999	-999	-999	-999	2.1033 	3.5923 	5.1535 	6.1883 	-999	-999	-999	-999	-999	2.9198 	4.4006 	6.0314 	-999	-999	-999	-999	-999	-999	4
53	Y482	2	circle	4	0.7414062500000114	1	0 	 4.5004109051241015 	 3 	 1.0	1.0	2.0	2	1	-1	-1	-999	-999	-2.0	1.9998 	3.7597 	5.0619 	-999	-999	-999	-999	-999	-999	2.6335 	3.4571 	5.3774 	-999	-999	-999	-999	-999	-999	2.2756 	3.3977 	4.6899 	6.3832 	-999	-999	-999	-999	-999	2
54	Y482	2	circle	4	0.6914062500000142	-1	3 	 4.88207612768548 	 3 	 0.0	1.0	1.0	1	-1	1	-1	-999	-0.0	-999	2.9228 	3.9867 	5.9159 	-999	-999	-999	-999	-999	-999	2.182 	2.9861 	4.5198 	5.7854 	-999	-999	-999	-999	-999	1.8382 	3.7372 	4.3472 	4.8549 	5.5571 	-999	-999	-999	-999	4
55	Y482	2	circle	4	0.5914062500000057	-1	3 	 5.146087836869775 	 2 	 3.0	1.0	1.0	0	-1	1	-1	-0.0	-999	-999	3.195 	4.7957 	6.3732 	-999	-999	-999	-999	-999	-999	2.1325 	2.8989 	3.8987 	4.8245 	5.8876 	-999	-999	-999	-999	1.9894 	2.9863 	4.2408 	6.2051 	-999	-999	-999	-999	-999	1
56	Y482	2	circle	8	0.2914062500000085	-1	3 	 4.877635592412405 	 2 	 5.0	0.0	1.0	2	-1	1	-1	-999	-999	-0.0	2.3518 	3.7648 	4.3566 	5.6483 	-999	-999	-999	-999	-999	2.3979 	3.4789 	4.081 	5.3969 	-999	-999	-999	-999	-999	2.3973 	4.284 	5.5331 	-999	-999	-999	-999	-999	-999	1
57	Y482	2	circle	8	0.49140625000001137	-1	0 	 5.475165952886106 	 2 	 7.0	5.0	5.0	0	-1	1	-1	-3.0	-999	-999	3.0441 	4.6161 	6.5406 	-999	-999	-999	-999	-999	-999	1.7094 	2.8635 	4.0821 	4.984 	5.4903 	7.4718 	-999	-999	-999	3.0827 	4.5827 	6.0111 	-999	-999	-999	-999	-999	-999	1
58	Y482	2	circle	8	0.39140625000001705	1	3 	 4.0304740688290535 	 2 	 7.0	4.0	3.0	2	1	-1	-1	-999	-999	-0.0	1.9826 	2.5463 	3.6575 	4.3764 	-999	-999	-999	-999	-999	2.1779 	3.7155 	4.9277 	-999	-999	-999	-999	-999	-999	2.8042 	4.0908 	4.6779 	-999	-999	-999	-999	-999	-999	13
59	Y482	2	circle	4	0.5914062500000057	-1	0 	 4.787385757626248 	 2 	 0.0	1.0	2.0	1	-1	1	-1	-999	1.0	-999	2.8448 	4.0453 	4.6473 	5.8265 	-999	-999	-999	-999	-999	3.1744 	4.1303 	4.7694 	5.6155 	-999	-999	-999	-999	-999	1.9718 	2.5035 	3.0452 	3.8778 	5.876 	-999	-999	-999	-999	2
60	Y482	2	circle	4	0.1	-1	3 	 4.339579927407068 	 3 	 3.0	1.0	0.0	1	-1	1	-1	-999	-0.0	-999	2.3613 	3.6625 	4.8706 	-999	-999	-999	-999	-999	-999	3.1355 	4.7403 	-999	-999	-999	-999	-999	-999	-999	2.2748 	4.0038 	4.8264 	-999	-999	-999	-999	-999	-999	26
61	Y482	2	circle	4	0.2914062500000085	1	3 	 4.622634705387991 	 2 	 2.0	1.0	1.0	1	1	-1	-1	-999	0.0	-999	2.3794 	3.5191 	5.2107 	-999	-999	-999	-999	-999	-999	2.7491 	3.301 	4.1619 	5.6262 	-999	-999	-999	-999	-999	2.5221 	3.7304 	5.496 	-999	-999	-999	-999	-999	-999	2
62	Y482	2	circle	8	0.29140625000002274	1	3 	 4.002876785542645 	 3 	 5.0	7.0	4.0	1	1	-1	-1	-999	-0.0	-999	2.0957 	3.6306 	5.2536 	-999	-999	-999	-999	-999	-999	2.083 	2.9925 	4.2398 	5.653 	-999	-999	-999	-999	-999	2.0315 	3.6498 	4.7551 	-999	-999	-999	-999	-999	-999	2
63	Y482	2	circle	8	0.39140625000001705	1	0 	 4.180582614555738 	 2 	 7.0	5.0	2.0	0	1	-1	-1	1.0	-999	-999	2.1711 	3.1441 	4.3067 	6.2708 	-999	-999	-999	-999	-999	2.6508 	4.4524 	6.342 	-999	-999	-999	-999	-999	-999	2.218 	2.786 	3.3645 	5.1855 	-999	-999	-999	-999	-999	7
64	Y482	2	circle	8	0.29140625000002274	1	0 	 4.190535148158547 	 2 	 7.0	0.0	4.0	2	1	-1	-1	-999	-999	-1.0	1.8188 	3.3886 	5.0527 	-999	-999	-999	-999	-999	-999	2.1281 	3.8095 	4.9127 	-999	-999	-999	-999	-999	-999	2.8809 	3.7679 	4.6802 	-999	-999	-999	-999	-999	-999	2
65	Y482	2	circle	8	0.19140625000002842	1	3 	 3.5375781953210885 	 2 	 0.0	6.0	4.0	2	1	-1	-1	-999	-999	-0.0	2.4135 	3.4796 	4.6664 	-999	-999	-999	-999	-999	-999	1.9803 	3.0025 	4.2891 	-999	-999	-999	-999	-999	-999	1.8001 	3.3104 	4.388 	-999	-999	-999	-999	-999	-999	1
66	Y482	2	circle	8	0.39140625000001705	1	0 	 5.46353104927125 	 3 	 2.0	6.0	2.0	0	1	-1	-1	2.0	-999	-999	1.8688 	3.2773 	4.005 	4.544 	5.7298 	7.2654 	-999	-999	-999	1.9667 	3.5481 	4.6325 	6.5136 	-999	-999	-999	-999	-999	2.2691 	3.1628 	3.6681 	5.5022 	7.4946 	-999	-999	-999	-999	10
67	Y482	2	circle	8	0.19140625000002842	-1	3 	 4.349745778412309 	 2 	 5.0	6.0	4.0	0	-1	1	-1	0.0	-999	-999	2.0181 	2.7453 	3.7311 	5.5353 	-999	-999	-999	-999	-999	2.3543 	3.1809 	3.9717 	5.1651 	-999	-999	-999	-999	-999	2.1728 	2.9386 	3.8092 	5.6735 	-999	-999	-999	-999	-999	1
68	Y482	2	circle	8	0.02	1	3 	 4.209614778826792 	 3 	 0.0	0.0	1.0	1	1	-1	-1	-999	0.0	-999	3.197 	5.1031 	-999	-999	-999	-999	-999	-999	-999	1.9524 	2.6332 	3.7496 	4.6402 	-999	-999	-999	-999	-999	2.8101 	3.6457 	4.6474 	-999	-999	-999	-999	-999	-999	3
69	Y482	2	circle	4	0.02	-1	3 	 4.40307631018691 	 2 	 0.0	2.0	1.0	1	-1	1	-1	-999	0.0	-999	2.2457 	3.2961 	4.7213 	-999	-999	-999	-999	-999	-999	2.9532 	3.6519 	5.2001 	-999	-999	-999	-999	-999	-999	1.9282 	2.8901 	4.6378 	5.8368 	-999	-999	-999	-999	-999	11
70	Y482	2	circle	4	0.2914062500000085	1	3 	 4.599789698514501 	 2 	 3.0	0.0	0.0	1	1	-1	-1	-999	-0.0	-999	2.1356 	3.1836 	4.4725 	5.3714 	-999	-999	-999	-999	-999	3.0595 	4.1928 	5.1349 	-999	-999	-999	-999	-999	-999	1.7434 	2.7935 	3.2989 	3.9382 	5.0848 	-999	-999	-999	-999	1
71	Y482	2	circle	8	0.1	1	3 	 5.260423996063482 	 2 	 4.0	4.0	4.0	2	1	-1	-1	-999	-999	-0.0	3.1396 	4.0967 	5.744 	-999	-999	-999	-999	-999	-999	2.1597 	3.2751 	3.9807 	5.4253 	7.2621 	-999	-999	-999	-999	3.0406 	4.6729 	6.508 	-999	-999	-999	-999	-999	-999	4
72	Y482	2	circle	4	0.6914062500000142	1	3 	 3.5068192205185618 	 3 	 1.0	2.0	2.0	0	1	-1	-1	-0.0	-999	-999	3.1464 	4.7523 	-999	-999	-999	-999	-999	-999	-999	2.5407 	3.6198 	5.0124 	-999	-999	-999	-999	-999	-999	1.7131 	2.8946 	4.1639 	-999	-999	-999	-999	-999	-999	1
73	Y482	2	circle	8	0.02	-1	3 	 3.435677781094518 	 3 	 5.0	5.0	1.0	0	-1	1	-1	-0.0	-999	-999	2.9472 	3.4756 	4.391 	-999	-999	-999	-999	-999	-999	2.8489 	4.7685 	-999	-999	-999	-999	-999	-999	-999	3.0863 	4.6744 	-999	-999	-999	-999	-999	-999	-999	3
74	Y482	2	circle	8	0.3414062500000199	-1	3 	 5.3926919877435715 	 3 	 2.0	7.0	5.0	0	-1	1	-1	-0.0	-999	-999	2.3431 	4.2352 	5.9332 	-999	-999	-999	-999	-999	-999	2.7623 	3.8049 	5.1964 	6.5423 	-999	-999	-999	-999	-999	3.0561 	4.9849 	6.2101 	-999	-999	-999	-999	-999	-999	7
75	Y482	2	circle	4	0.2914062500000085	1	3 	 4.954779449867002 	 2 	 0.0	2.0	1.0	1	1	-1	-1	-999	-0.0	-999	2.9132 	3.4851 	4.304 	5.0252 	6.4941 	-999	-999	-999	-999	1.8188 	2.9524 	3.5128 	5.0349 	6.9689 	-999	-999	-999	-999	3.0943 	3.8022 	4.9525 	5.9112 	-999	-999	-999	-999	-999	2
76	Y482	2	circle	8	0.3414062500000199	1	3 	 4.150003787766968 	 3 	 3.0	0.0	2.0	1	1	-1	-1	-999	-0.0	-999	1.8695 	2.4471 	3.5524 	5.1478 	-999	-999	-999	-999	-999	2.1785 	3.0727 	4.985 	-999	-999	-999	-999	-999	-999	2.415 	3.0073 	4.092 	5.6327 	-999	-999	-999	-999	-999	2
77	Y482	2	circle	8	0.3414062500000199	-1	3 	 3.4207012416675755 	 3 	 5.0	3.0	1.0	1	-1	1	-1	-999	-0.0	-999	3.1948 	4.4137 	-999	-999	-999	-999	-999	-999	-999	2.1856 	3.9623 	-999	-999	-999	-999	-999	-999	-999	1.8691 	2.849 	3.5191 	5.2151 	-999	-999	-999	-999	-999	1
78	Y482	2	circle	4	0.1	1	3 	 5.169015587534696 	 3 	 0.0	2.0	0.0	0	1	-1	-1	-0.0	-999	-999	2.4305 	4.1198 	4.8912 	6.2046 	-999	-999	-999	-999	-999	2.3961 	3.5518 	4.9155 	6.3732 	-999	-999	-999	-999	-999	2.4387 	3.6909 	5.3607 	7.0693 	-999	-999	-999	-999	-999	4
79	Y482	2	circle	8	0.39140625000001705	-1	3 	 3.5979428067187493 	 3 	 3.0	6.0	2.0	0	-1	1	-1	0.0	-999	-999	2.9709 	4.2654 	-999	-999	-999	-999	-999	-999	-999	2.0051 	3.2515 	4.5352 	-999	-999	-999	-999	-999	-999	1.7552 	3.6352 	5.4939 	-999	-999	-999	-999	-999	-999	2
80	Y482	2	circle	4	0.6914062500000142	-1	3 	 4.59413747789721 	 3 	 0.0	3.0	0.0	0	-1	1	-1	-0.0	-999	-999	2.2508 	3.947 	5.7815 	-999	-999	-999	-999	-999	-999	2.2655 	3.7733 	4.8391 	6.2509 	-999	-999	-999	-999	-999	3.1017 	4.6987 	5.9161 	-999	-999	-999	-999	-999	-999	3
81	Y482	2	circle	8	0.1	1	3 	 5.478166669875513 	 3 	 4.0	2.0	7.0	0	1	-1	-1	-0.0	-999	-999	2.9337 	3.9486 	5.422 	7.4179 	-999	-999	-999	-999	-999	2.5701 	3.9437 	5.8953 	-999	-999	-999	-999	-999	-999	2.1073 	3.5579 	4.4623 	6.3478 	-999	-999	-999	-999	-999	1
82	Y482	2	circle	4	0.7414062500000114	-1	0 	 4.751322892593022 	 3 	 2.0	3.0	2.0	0	-1	1	-1	1.0	-999	-999	2.9692 	4.5741 	5.3574 	-999	-999	-999	-999	-999	-999	2.86 	4.7615 	6.7201 	-999	-999	-999	-999	-999	-999	2.9512 	4.1578 	5.8024 	-999	-999	-999	-999	-999	-999	5
83	Y482	2	circle	8	0.39140625000001705	-1	3 	 4.676227616917188 	 3 	 0.0	7.0	2.0	0	-1	1	-1	0.0	-999	-999	2.1159 	3.4165 	4.064 	5.9591 	-999	-999	-999	-999	-999	1.7443 	3.5016 	5.0215 	-999	-999	-999	-999	-999	-999	2.3366 	3.83 	5.4814 	-999	-999	-999	-999	-999	-999	1
84	Y482	2	circle	8	0.39140625000001705	1	0 	 3.773005034949164 	 3 	 7.0	6.0	4.0	0	1	-1	-1	1.0	-999	-999	2.1043 	3.3434 	4.522 	-999	-999	-999	-999	-999	-999	2.8023 	4.495 	-999	-999	-999	-999	-999	-999	-999	3.003 	3.5171 	4.2871 	-999	-999	-999	-999	-999	-999	3
85	Y482	2	circle	4	0.6914062500000142	1	3 	 4.539543110614842 	 3 	 0.0	0.0	1.0	1	1	-1	-1	-999	-0.0	-999	3.0422 	4.3784 	5.5339 	-999	-999	-999	-999	-999	-999	2.4369 	3.6985 	5.5523 	-999	-999	-999	-999	-999	-999	2.8444 	3.7973 	5.5832 	-999	-999	-999	-999	-999	-999	3
86	Y482	2	circle	4	0.49140625000001137	-1	3 	 4.534304513879953 	 2 	 2.0	0.0	1.0	1	-1	1	-1	-999	0.0	-999	2.8448 	4.4107 	5.5358 	-999	-999	-999	-999	-999	-999	3.082 	4.1546 	5.4163 	-999	-999	-999	-999	-999	-999	1.8887 	3.6539 	5.2056 	-999	-999	-999	-999	-999	-999	2
87	Y482	2	circle	8	0.19140625000002842	1	3 	 5.024636123494842 	 2 	 5.0	1.0	4.0	0	1	-1	-1	-0.0	-999	-999	1.8291 	2.7065 	4.3391 	5.5713 	-999	-999	-999	-999	-999	2.1451 	3.2452 	3.9994 	4.9014 	6.5234 	-999	-999	-999	-999	1.9718 	2.9784 	3.75 	5.3225 	5.8466 	-999	-999	-999	-999	1
88	Y482	2	circle	4	0.49140625000001137	1	3 	 4.595632464448475 	 2 	 3.0	0.0	1.0	0	1	-1	-1	0.0	-999	-999	2.594 	3.6963 	4.905 	-999	-999	-999	-999	-999	-999	2.8643 	3.4374 	5.3332 	-999	-999	-999	-999	-999	-999	2.6475 	3.6915 	5.6207 	-999	-999	-999	-999	-999	-999	2
89	Y482	2	circle	4	0.6914062500000142	1	3 	 3.2136387305749015 	 3 	 1.0	2.0	2.0	1	1	-1	-1	-999	-0.0	-999	2.5647 	4.2433 	-999	-999	-999	-999	-999	-999	-999	2.096 	3.2929 	4.573 	-999	-999	-999	-999	-999	-999	2.2296 	3.4385 	4.9952 	-999	-999	-999	-999	-999	-999	1
90	Y482	2	circle	4	0.6914062500000142	1	3 	 5.299666219928528 	 3 	 1.0	0.0	2.0	0	1	-1	-1	-0.0	-999	-999	2.257 	3.395 	4.9842 	6.5787 	-999	-999	-999	-999	-999	3.1536 	3.8212 	4.5879 	6.3738 	-999	-999	-999	-999	-999	2.0729 	2.8355 	3.9136 	5.9058 	-999	-999	-999	-999	-999	1
91	Y482	2	circle	8	0.3414062500000199	-1	3 	 3.549712016063745 	 3 	 0.0	1.0	2.0	0	-1	1	-1	0.0	-999	-999	2.7859 	4.3179 	-999	-999	-999	-999	-999	-999	-999	3.005 	3.8859 	-999	-999	-999	-999	-999	-999	-999	2.3334 	3.3922 	4.8744 	-999	-999	-999	-999	-999	-999	5
92	Y482	2	circle	8	0.3414062500000199	-1	0 	 4.9097414923867975 	 3 	 0.0	4.0	2.0	0	-1	1	-1	-1.0	-999	-999	2.2492 	3.9392 	5.5562 	-999	-999	-999	-999	-999	-999	2.0084 	2.8861 	4.7123 	5.9927 	-999	-999	-999	-999	-999	1.7679 	3.4526 	4.8692 	6.5764 	-999	-999	-999	-999	-999	13
93	Y482	2	circle	4	0.1	1	3 	 5.410486696450183 	 2 	 3.0	2.0	1.0	0	1	-1	-1	-0.0	-999	-999	2.3194 	3.2266 	4.2486 	5.6287 	6.6344 	-999	-999	-999	-999	3.1073 	3.8252 	5.1298 	6.1418 	-999	-999	-999	-999	-999	1.7076 	3.5086 	5.4348 	6.5566 	-999	-999	-999	-999	-999	2
94	Y482	2	circle	4	0.02	-1	3 	 4.515964314620807 	 3 	 0.0	0.0	2.0	2	-1	1	-1	-999	-999	0.0	1.9286 	3.1292 	4.5389 	5.978 	-999	-999	-999	-999	-999	2.4085 	4.3895 	5.3134 	-999	-999	-999	-999	-999	-999	1.7471 	2.3513 	4.0225 	4.7195 	5.8483 	-999	-999	-999	-999	7
95	Y482	2	circle	8	0.29140625000002274	-1	3 	 4.535375929143076 	 3 	 2.0	1.0	5.0	0	-1	1	-1	0.0	-999	-999	3.0084 	4.7516 	6.0757 	-999	-999	-999	-999	-999	-999	2.4402 	3.4586 	5.1087 	-999	-999	-999	-999	-999	-999	1.8922 	2.9446 	4.3623 	5.1153 	-999	-999	-999	-999	-999	3
96	Y482	2	circle	8	0.29140625000002274	-1	3 	 4.19457012709338 	 2 	 5.0	6.0	5.0	2	-1	1	-1	-999	-999	-0.0	1.9743 	3.7806 	5.2095 	-999	-999	-999	-999	-999	-999	2.467 	4.1739 	4.7785 	-999	-999	-999	-999	-999	-999	1.8944 	2.6044 	3.1892 	3.8638 	5.2486 	-999	-999	-999	-999	2
97	Y482	2	circle	8	0.29140625000002274	1	3 	 4.896379749967373 	 2 	 5.0	3.0	2.0	1	1	-1	-1	-999	-0.0	-999	2.2957 	3.1015 	3.7884 	5.5979 	-999	-999	-999	-999	-999	1.776 	3.3364 	4.068 	4.9909 	6.6939 	-999	-999	-999	-999	1.9684 	3.1423 	4.1814 	4.9884 	6.396 	-999	-999	-999	-999	3
98	Y482	2	circle	4	0.49140625000001137	-1	0 	 4.230237904357459 	 2 	 0.0	3.0	1.0	2	-1	1	-1	-999	-999	-1.0	2.379 	3.7703 	4.8323 	-999	-999	-999	-999	-999	-999	2.1885 	3.042 	4.3232 	4.9798 	-999	-999	-999	-999	-999	3.1766 	4.6497 	-999	-999	-999	-999	-999	-999	-999	7
99	Y482	2	circle	8	0.02	1	3 	 4.570077694922974 	 2 	 3.0	4.0	4.0	0	1	-1	-1	0.0	-999	-999	3.0706 	4.0283 	4.7842 	5.5434 	-999	-999	-999	-999	-999	2.0213 	3.6823 	4.6142 	6.2547 	-999	-999	-999	-999	-999	1.728 	2.9925 	3.5742 	5.1751 	-999	-999	-999	-999	-999	7
100	Y482	2	circle	8	0.29140625000002274	1	3 	 4.332045583741461 	 2 	 7.0	6.0	0.0	2	1	-1	-1	-999	-999	-0.0	3.081 	4.8056 	-999	-999	-999	-999	-999	-999	-999	2.3511 	3.0389 	4.0491 	5.4797 	-999	-999	-999	-999	-999	2.6638 	3.6384 	4.7145 	-999	-999	-999	-999	-999	-999	1
101	Y482	2	circle	4	0.7414062500000114	-1	3 	 5.421911667305955 	 3 	 3.0	3.0	2.0	1	-1	1	-1	-999	0.0	-999	3.049 	4.7516 	6.1515 	-999	-999	-999	-999	-999	-999	3.0198 	4.0247 	5.7305 	-999	-999	-999	-999	-999	-999	2.2206 	2.9809 	4.6286 	6.5486 	-999	-999	-999	-999	-999	1
102	Y482	2	circle	4	0.39140625000001705	-1	0 	 5.054316264111305 	 2 	 2.0	0.0	3.0	2	-1	1	-1	-999	-999	-1.0	2.0173 	2.5623 	3.1944 	4.1548 	5.0953 	6.1088 	-999	-999	-999	2.8171 	4.6026 	5.7277 	-999	-999	-999	-999	-999	-999	3.155 	4.6757 	6.0497 	-999	-999	-999	-999	-999	-999	3
103	Y482	2	circle	4	0.29140625000002274	-1	3 	 5.181773884086284 	 2 	 0.0	1.0	0.0	2	-1	1	-1	-999	-999	-0.0	2.314 	3.1527 	4.176 	5.4029 	6.3898 	-999	-999	-999	-999	2.8515 	4.2335 	5.7494 	-999	-999	-999	-999	-999	-999	2.9743 	4.1227 	6.0977 	-999	-999	-999	-999	-999	-999	1
104	Y482	2	circle	4	0.1	-1	3 	 5.5059758594205395 	 2 	 0.0	2.0	3.0	2	-1	1	-1	-999	-999	-0.0	2.3187 	4.214 	5.196 	6.894 	-999	-999	-999	-999	-999	1.7635 	2.3079 	3.7178 	5.4719 	7.004 	-999	-999	-999	-999	3.193 	4.3003 	6.1555 	-999	-999	-999	-999	-999	-999	1
105	Y482	2	circle	8	0.29140625000002274	1	0 	 5.4804124145165 	 3 	 3.0	0.0	6.0	2	1	-1	-1	-999	-999	-1.0	2.245 	3.0283 	3.8651 	5.6512 	7.5695 	-999	-999	-999	-999	3.0051 	4.1795 	5.5752 	7.4631 	-999	-999	-999	-999	-999	1.8744 	2.9765 	4.2319 	5.2019 	7.0143 	-999	-999	-999	-999	1
106	Y482	2	circle	8	0.39140625000001705	1	3 	 4.090204204938807 	 2 	 4.0	6.0	3.0	0	1	-1	-1	0.0	-999	-999	3.0882 	3.6327 	5.2791 	-999	-999	-999	-999	-999	-999	3.1753 	3.7572 	4.7366 	-999	-999	-999	-999	-999	-999	2.2929 	3.198 	3.9788 	4.5204 	-999	-999	-999	-999	-999	1
107	Y482	2	circle	4	0.29140625000002274	1	3 	 4.926471733266822 	 2 	 0.0	2.0	0.0	2	1	-1	-1	-999	-999	-0.0	2.7701 	4.1682 	5.7779 	-999	-999	-999	-999	-999	-999	3.136 	4.9175 	5.7701 	-999	-999	-999	-999	-999	-999	2.831 	4.7872 	6.6791 	-999	-999	-999	-999	-999	-999	4
108	Y482	2	circle	4	0.7414062500000114	1	0 	 5.641671897117342 	 3 	 0.0	1.0	2.0	0	1	-1	-1	-2.0	-999	-999	2.9439 	4.0237 	4.7796 	6.3841 	-999	-999	-999	-999	-999	3.0885 	4.9913 	5.7035 	7.2061 	-999	-999	-999	-999	-999	3.1306 	4.528 	5.3868 	6.6921 	-999	-999	-999	-999	-999	1
109	Y482	2	circle	8	0.24140625000002558	1	3 	 5.383523559843327 	 3 	 3.0	7.0	2.0	2	1	-1	-1	-999	-999	-0.0	2.073 	2.7273 	3.2499 	4.4205 	6.1354 	-999	-999	-999	-999	2.8696 	4.0759 	4.9616 	6.8393 	-999	-999	-999	-999	-999	2.8105 	4.1963 	6.0499 	-999	-999	-999	-999	-999	-999	2
110	Y482	2	circle	4	0.1	1	3 	 4.069469949906816 	 3 	 1.0	2.0	3.0	1	1	-1	-1	-999	0.0	-999	3.0478 	4.4019 	-999	-999	-999	-999	-999	-999	-999	3.0836 	4.6926 	-999	-999	-999	-999	-999	-999	-999	2.1763 	3.6157 	4.3095 	5.5211 	-999	-999	-999	-999	-999	2
111	Y482	2	circle	8	0.39140625000001705	-1	0 	 4.23457161543831 	 2 	 6.0	6.0	3.0	2	-1	1	-1	-999	-999	1.0	2.1087 	4.0424 	4.7705 	-999	-999	-999	-999	-999	-999	1.7921 	3.058 	4.6487 	-999	-999	-999	-999	-999	-999	1.7735 	3.2101 	3.9199 	5.4057 	-999	-999	-999	-999	-999	2
112	Y482	2	circle	4	0.29140625000002274	1	3 	 3.778334256514018 	 2 	 1.0	0.0	1.0	1	1	-1	-1	-999	0.0	-999	3.1789 	4.6718 	-999	-999	-999	-999	-999	-999	-999	2.6116 	4.591 	-999	-999	-999	-999	-999	-999	-999	2.8507 	4.008 	4.7635 	-999	-999	-999	-999	-999	-999	5
113	Y482	2	circle	8	0.1	-1	3 	 4.37711910324003 	 3 	 4.0	3.0	6.0	2	-1	1	-1	-999	-999	0.0	2.5445 	4.266 	4.8761 	-999	-999	-999	-999	-999	-999	2.5275 	3.2432 	4.7313 	-999	-999	-999	-999	-999	-999	3.0316 	4.8924 	-999	-999	-999	-999	-999	-999	-999	3
114	Y482	2	circle	8	0.3414062500000199	-1	3 	 5.364126921481333 	 2 	 5.0	7.0	4.0	1	-1	1	-1	-999	0.0	-999	1.9113 	2.6861 	4.5035 	5.2439 	6.7531 	-999	-999	-999	-999	2.2229 	3.237 	4.6909 	5.4216 	7.3997 	-999	-999	-999	-999	3.0877 	4.8755 	6.5254 	-999	-999	-999	-999	-999	-999	2
115	Y482	2	circle	8	0.24140625000002558	1	3 	 3.36607013476314 	 3 	 2.0	1.0	4.0	2	1	-1	-1	-999	-999	-0.0	2.907 	4.0883 	-999	-999	-999	-999	-999	-999	-999	2.4222 	3.0571 	3.8946 	-999	-999	-999	-999	-999	-999	2.1617 	3.3479 	5.2854 	-999	-999	-999	-999	-999	-999	1
116	Y482	2	circle	4	0.6914062500000142	-1	3 	 3.6119496880675586 	 3 	 1.0	3.0	3.0	1	-1	1	-1	-999	-0.0	-999	2.8266 	3.8793 	5.8678 	-999	-999	-999	-999	-999	-999	3.1707 	4.1049 	-999	-999	-999	-999	-999	-999	-999	2.2412 	2.8197 	4.3314 	-999	-999	-999	-999	-999	-999	7
117	Y482	2	circle	8	0.02	-1	3 	 3.933176500567372 	 2 	 3.0	7.0	3.0	1	-1	1	-1	-999	0.0	-999	2.9625 	3.7754 	4.8171 	-999	-999	-999	-999	-999	-999	2.084 	2.7465 	4.3372 	-999	-999	-999	-999	-999	-999	1.7383 	3.3815 	5.0855 	-999	-999	-999	-999	-999	-999	11
118	Y482	2	circle	4	0.39140625000001705	1	3 	 4.914234645858789 	 2 	 3.0	3.0	1.0	0	1	-1	-1	0.0	-999	-999	3.0166 	4.6709 	6.1227 	-999	-999	-999	-999	-999	-999	2.5822 	4.4028 	5.7556 	-999	-999	-999	-999	-999	-999	2.0336 	2.5916 	3.2626 	3.9969 	5.3156 	-999	-999	-999	-999	5
119	Y482	2	circle	8	0.3414062500000199	-1	3 	 4.4263719157856904 	 2 	 4.0	0.0	2.0	0	-1	1	-1	0.0	-999	-999	1.7822 	2.3104 	3.9412 	4.894 	-999	-999	-999	-999	-999	3.0294 	4.2851 	5.784 	-999	-999	-999	-999	-999	-999	2.9144 	4.5449 	5.7552 	-999	-999	-999	-999	-999	-999	8
